item,Mixture difficulty,Mixture discrimination,Mixture item exposure,Sparse 3PL lower asymptote,Legacy residual-screen flagged models,Legacy residual-screen median predicted probability,Legacy residual-screen median z,Legacy 2PL residual-screen difficulty,Mixture prior variants with top-100 classification,Top-100 appearances,Mean top-100 rank,Best top-100 rank,Mean posterior preknowledge probability,Minimum posterior preknowledge probability,Observed pass rate
10,-0.5585112571716309,9.923121452331545,2.276679515838623,0.0837532877922058,0.0,,,,8.0,12.0,60.083333333333336,4.0,1.0,1.0,0.7176588
580,-0.3977423012256622,4.25248384475708,2.198901891708374,0.1045875623822212,0.0,,,,1.0,1.0,15.0,15.0,1.0,1.0,0.68390423
1243,0.3292145133018493,4.322031497955322,2.1198298931121826,0.0348457247018814,0.0,,,,0.0,0.0,,,,,0.6050881
1263,2.295872688293457,0.4655438959598541,2.114171981811523,0.0130542479455471,0.0,,,,0.0,0.0,,,,,0.63634855
910,0.4119344055652618,1.4562723636627195,2.0671193599700928,0.0078646540641784,0.0,,,,0.0,0.0,,,,,0.63302296
152,-0.5069707036018372,5.341119766235352,2.0567352771759033,0.0415284819900989,0.0,,,,0.0,0.0,,,,,0.6925507
1153,-0.446362555027008,8.466794967651367,1.9829851388931272,0.0254372842609882,0.0,,,,0.0,0.0,,,,,0.678417
1207,3.1144418716430664,3.487197160720825,1.9807844161987305,0.0071323066949844,0.0,,,,5.0,5.0,37.0,15.0,1.0,1.0,0.5154639
777,-0.2198227196931839,3.836841583251953,1.8388803005218504,0.0236079581081867,0.0,,,,0.0,0.0,,,,,0.64482874
766,1.124260187149048,1.3244811296463013,1.829822063446045,0.0048133651725947,0.0,,,,0.0,0.0,,,,,0.5552045
1011,0.0103322751820087,4.408333778381348,1.7289087772369385,0.0443788766860961,0.0,,,,0.0,0.0,,,,,0.6090788
1205,0.2064273655414581,2.319345235824585,1.691864252090454,0.0450932756066322,0.0,,,,0.0,0.0,,,,,0.6193881
944,0.5075719952583313,1.4520384073257446,1.6505231857299805,0.0082109551876783,0.0,,,,0.0,0.0,,,,,0.58862656
522,-0.3421727418899536,3.4738423824310303,1.6411075592041016,0.0098375957459211,0.0,,,,0.0,0.0,,,,,0.6423346
1120,0.3600131273269653,4.544681549072266,1.6132878065109253,0.0254574809223413,0.0,,,,0.0,0.0,,,,,0.5964416
385,-0.5151513814926147,6.017007827758789,1.6117602586746216,0.0159163977950811,0.0,,,,0.0,0.0,,,,,0.68423676
274,-0.2525659501552582,7.067104816436768,1.598082184791565,0.0088055385276675,0.0,,,,0.0,0.0,,,,,0.6262055
202,0.6096600890159607,4.25547981262207,1.59709894657135,0.0372556895017623,0.0,,,,0.0,0.0,,,,,0.5866312
1216,-0.6420512199401855,2.014368772506714,1.5839693546295166,0.0561684668064117,0.0,,,,0.0,0.0,,,,,0.69155306
1068,2.659824848175049,1.0032050609588623,1.5714175701141355,0.0084720468148589,0.0,,,,0.0,0.0,,,,,0.47605586
1088,-0.617243230342865,8.482030868530273,1.5200927257537842,0.0286993402987718,0.0,,,,0.0,0.0,,,,,0.67874956
1184,-0.4487673044204712,5.3958420753479,1.5088785886764526,0.0374995842576026,0.0,,,,0.0,0.0,,,,,0.6669438
1071,-0.6125859022140503,8.469603538513184,1.5033622980117798,0.0723402351140976,0.0,,,,4.0,6.0,36.0,3.0,1.0,1.0,0.66112405
577,0.0817368850111961,6.482658863067627,1.4863111972808838,0.0161912534385919,0.0,,,,0.0,0.0,,,,,0.59843695
1069,-0.0582175888121128,3.862125396728515,1.485095500946045,0.0357695668935775,0.0,,,,0.0,0.0,,,,,0.6173928
11,-0.5697804093360901,8.023133277893066,1.464845061302185,0.0571788847446441,0.0,,,,1.0,2.0,44.0,9.0,1.0,1.0,0.65779847
1201,-0.2956370711326599,4.858642578125,1.458223581314087,0.0231721512973308,0.0,,,,0.0,0.0,,,,,0.6476555
406,2.369352102279663,1.0034387111663818,1.4554888010025024,0.0064703742973506,0.0,,,,0.0,0.0,,,,,0.4765547
50,-0.4864689409732818,2.874905824661255,1.448233723640442,0.0188539344817399,0.0,,,,1.0,1.0,50.0,50.0,1.0,1.0,0.6849019
299,-0.4430036842823028,4.042872428894043,1.446045160293579,0.0351591929793357,0.0,,,,1.0,1.0,75.0,75.0,1.0,1.0,0.6528101
2,0.1750504374504089,11.810738563537598,1.4256691932678225,0.1072858572006225,0.0,,,,17.0,45.0,58.577777777777776,5.0,1.0,1.0,0.5907882
761,-0.2020247727632522,5.849154472351074,1.4169842004776,0.0441886000335216,0.0,,,,0.0,0.0,,,,,0.61423343
641,-0.3999445140361786,5.736490726470947,1.4105943441390991,0.0201513711363077,0.0,,,,0.0,0.0,,,,,0.6616229
1005,-0.8172584772109985,1.5805436372756958,1.4087483882904053,0.0409943498671054,0.0,,,,0.0,0.0,,,,,0.71716
342,2.3679392337799072,1.5389556884765625,1.4072322845458984,0.0055869384668767,0.0,,,,0.0,0.0,,,,,0.4680745
558,1.3338450193405151,1.2843170166015625,1.3935531377792358,0.0124823497608304,0.0,,,,0.0,0.0,,,,,0.5174593
957,-0.1534920036792755,4.01260232925415,1.3552160263061523,0.0450681708753109,0.0,,,,0.0,0.0,,,,,0.61439973
1231,0.0555116906762123,4.898597240447998,1.352214217185974,0.0245924331247806,0.0,,,,0.0,0.0,,,,,0.5872963
181,0.221759021282196,9.656551361083984,1.3519353866577148,0.0257280953228473,0.0,,,,6.0,7.0,38.857142857142854,14.0,1.0,1.0,0.56667775
1268,-0.0862052515149116,3.073622941970825,1.3446239233016968,0.0291727147996425,0.0,,,,0.0,0.0,,,,,0.6124044
253,0.1274963915348053,3.897000312805176,1.338779330253601,0.0172798242419958,0.0,,,,0.0,0.0,,,,,0.58064514
648,-0.4535011351108551,5.508630275726318,1.3271337747573853,0.0212576333433389,0.0,,,,0.0,0.0,,,,,0.65729964
20,-0.4720418453216553,4.2101030349731445,1.3213800191879272,0.0210773982107639,0.0,,,,0.0,0.0,,,,,0.6549717
383,-0.5865397453308105,7.563654899597168,1.3138729333877563,0.0295568518340587,0.0,,,,0.0,0.0,,,,,0.67908216
907,-0.501807451248169,6.812002658843994,1.3055018186569214,0.0321407169103622,0.0,,,,0.0,0.0,,,,,0.6692717
390,1.749607801437378,1.3680499792099,1.2862420082092283,0.0075028575956821,0.0,,,,0.0,0.0,,,,,0.47755238
376,-0.3759564757347107,4.137056350708008,1.2845876216888428,0.0152889573946595,0.0,,,,0.0,0.0,,,,,0.64299965
578,0.2371038049459457,8.518386840820312,1.2578524351119995,0.0591672658920288,0.0,,,,1.0,3.0,36.333333333333336,1.0,1.0,1.0,0.55088127
862,-1.1221457719802856,2.2563440799713135,1.250892996788025,0.0206255726516246,0.0,,,,0.0,0.0,,,,,0.74858665
398,0.8287757635116577,1.800747275352478,1.247944474220276,0.0054931933991611,0.0,,,,0.0,0.0,,,,,0.53308946
1087,-0.5357838869094849,5.3329081535339355,1.2161898612976074,0.0289862863719463,0.0,,,,0.0,0.0,,,,,0.6559694
551,0.1335107684135437,1.2457640171051023,1.210554599761963,0.0114647261798381,0.0,,,,0.0,0.0,,,,,0.6092451
1212,-0.4330575466156006,7.011167049407959,1.1990138292312622,0.0452045798301696,0.0,,,,1.0,1.0,34.0,34.0,1.0,1.0,0.65197873
1256,0.3423335552215576,9.787599563598633,1.1891067028045654,0.029582193121314,0.0,,,,15.0,32.0,48.46875,2.0,1.0,1.0,0.5342534
1257,1.4725509881973269,1.5605348348617554,1.1862186193466189,0.005934567656368,0.0,,,,0.0,0.0,,,,,0.47771865
721,-0.1317286491394043,3.938807964324951,1.1861448287963867,0.0219597965478897,0.0,,,,0.0,0.0,,,,,0.59727305
1093,0.4903284311294555,5.959113597869873,1.182669758796692,0.0609128810465335,0.0,,,,0.0,0.0,,,,,0.5249418
186,-0.4675572216510772,5.117133140563965,1.1797257661819458,0.0175082609057426,0.0,,,,0.0,0.0,,,,,0.64832056
1099,0.3237152099609375,2.584019422531128,1.1796146631240845,0.0205750316381454,0.0,,,,0.0,0.0,,,,,0.57033587
380,-0.9485766291618348,1.8325755596160889,1.158694863319397,0.0170351900160312,0.0,,,,0.0,0.0,,,,,0.71416694
970,0.5293241739273071,3.084505796432495,1.1581531763076782,0.0106068616732954,0.0,,,,0.0,0.0,,,,,0.5404057
284,0.5735394954681396,6.438018321990967,1.1499245166778564,0.0322084203362464,0.0,,,,1.0,1.0,45.0,45.0,1.0,1.0,0.51529765
478,1.5620124340057373,1.3486143350601196,1.145826816558838,0.0084668612107634,0.0,,,,0.0,0.0,,,,,0.46990356
912,0.6909853219985962,6.35499382019043,1.1456981897354126,0.0359430015087127,0.0,,,,0.0,0.0,,,,,0.5325906
129,-0.2837421596050262,4.055247783660889,1.1433924436569214,0.0309170205146074,0.0,,,,0.0,0.0,,,,,0.60791487
802,-0.1621695160865783,2.135195732116699,1.1419612169265747,0.0192269925028085,0.0,,,,0.0,0.0,,,,,0.6335218
1157,1.562642216682434,0.9149848818778992,1.1365870237350464,0.0260290130972862,0.0,,,,0.0,0.0,,,,,0.4913535
12,0.1010395586490631,2.4776670932769775,1.1325156688690186,0.0110418405383825,0.0,,,,0.0,0.0,,,,,0.58713
362,-0.2872546911239624,2.87353253364563,1.1251875162124634,0.0390316918492317,0.0,,,,0.0,0.0,,,,,0.6155637
1105,-0.8807041049003601,1.913089156150818,1.1218538284301758,0.0240227598696947,0.0,,,,0.0,0.0,,,,,0.70385766
1314,0.0180242657661438,2.3375391960144043,1.111343502998352,0.0197691339999437,0.0,,,,0.0,0.0,,,,,0.57549053
1302,-0.5528802871704102,5.2760772705078125,1.11088228225708,0.0188163388520479,0.0,,,,1.0,1.0,65.0,65.0,1.0,1.0,0.6619554
574,0.9550631046295166,1.618849515914917,1.108646035194397,0.0068412628024816,0.0,,,,0.0,0.0,,,,,0.5014965
164,0.1484115719795227,3.91106390953064,1.09545636177063,0.0238805469125509,0.0,,,,0.0,0.0,,,,,0.5621882
491,0.1790544986724853,2.383207082748413,1.0849010944366455,0.0681476891040802,0.0,,,,0.0,0.0,,,,,0.55237776
479,2.650171995162964,1.2013906240463257,1.0815935134887695,0.0077920258045196,0.0,,,,0.0,0.0,,,,,0.41602927
15,0.485429435968399,1.5398963689804075,1.0775086879730225,0.0113426400348544,0.0,,,,0.0,0.0,,,,,0.5452278
988,0.4096276760101318,5.239468097686768,1.0743725299835205,0.0259191188961267,0.0,,,,0.0,0.0,,,,,0.5226139
165,-0.4016594886779785,5.039941787719727,1.072775959968567,0.0119098527356982,0.0,,,,0.0,0.0,,,,,0.63435316
565,0.3441224098205566,7.177977085113525,1.0715901851654053,0.0313675478100776,0.0,,,,5.0,5.0,43.0,5.0,1.0,1.0,0.533422
333,-0.0377927459776401,4.8315253257751465,1.0540302991867063,0.0061884839087724,0.0,,,,0.0,0.0,,,,,0.58713
1032,0.0971654579043388,2.522037982940674,1.0537325143814087,0.005538320634514,0.0,,,,0.0,0.0,,,,,0.5618557
41,-0.9343634843826294,1.7452995777130127,1.0269840955734253,0.0122126126661896,0.0,,,,0.0,0.0,,,,,0.71117395
167,-0.6265884637832642,1.872593641281128,1.0249258279800415,0.0143254520371556,0.0,,,,0.0,0.0,,,,,0.6529764
265,-0.4045671224594116,7.424290657043457,1.0245376825332642,0.0185305215418338,0.0,,,,0.0,0.0,,,,,0.6278683
661,-0.3503187894821167,5.416355609893799,1.0243231058120728,0.0461593903601169,0.0,,,,0.0,0.0,,,,,0.6303625
182,-0.6463658809661865,2.325902223587036,1.024186611175537,0.0441055968403816,0.0,,,,7.0,19.0,49.05263157894737,4.0,1.0,1.0,0.6591287
465,0.3991797268390655,4.937633037567139,1.0210890769958496,0.009467133320868,0.0,,,,0.0,0.0,,,,,0.5234453
627,-0.1155915260314941,3.680790901184082,1.0125653743743896,0.0135982325300574,0.0,,,,0.0,0.0,,,,,0.59893584
919,-0.1619639098644256,3.9258711338043217,1.012035250663757,0.0403117127716541,0.0,,,,0.0,0.0,,,,,0.6034253
785,-0.4596968293190002,2.0166900157928467,1.0114057064056396,0.0149401659145951,0.0,,,,0.0,0.0,,,,,0.6410043
102,0.637582004070282,7.732222557067871,1.0058043003082275,0.0420963615179061,0.0,,,,1.0,1.0,57.0,57.0,1.0,1.0,0.48736283
375,0.6685723066329956,1.8261137008666992,1.0052489042282104,0.0109433233737945,0.0,,,,0.0,0.0,,,,,0.5073163
481,0.4154133200645447,3.856106996536255,1.0024410486221311,0.0075281602330505,0.0,,,,0.0,0.0,,,,,0.5271034
748,-0.7108966112136841,1.6331571340560913,0.9927845597267152,0.0198022648692131,0.0,,,,0.0,0.0,,,,,0.6854007
877,-0.555965781211853,6.908642292022705,0.9849160313606262,0.0116621470078825,0.0,,,,0.0,0.0,,,,,0.65563685
1085,-0.8295002579689026,2.136720895767212,0.982653021812439,0.0206395480781793,0.0,,,,0.0,0.0,,,,,0.70734954
1249,0.5608096122741699,9.245895385742188,0.98221093416214,0.0132710030302405,0.0,,,,3.0,4.0,52.25,12.0,1.0,1.0,0.51114064
421,0.7627346515655518,6.5754075050354,0.9734521508216858,0.0593141131103038,0.0,,,,7.0,11.0,53.18181818181818,8.0,1.0,1.0,0.50266045
311,0.7223137617111206,6.453635215759277,0.9719421863555908,0.0372555702924728,0.0,,,,1.0,1.0,65.0,65.0,1.0,1.0,0.517293
1232,-0.4522628784179687,4.767414093017578,0.9700556397438048,0.0213975347578525,0.0,,,,0.0,0.0,,,,,0.6243765
950,-0.2239509969949722,4.748913288116455,0.9651740193367004,0.0251813977956771,0.0,,,,0.0,0.0,,,,,0.60808116
583,0.3630851507186889,3.322985887527466,0.959119200706482,0.0690256729722023,0.0,,,,1.0,1.0,49.0,49.0,1.0,1.0,0.53624874
211,0.3690991997718811,3.208181858062744,0.9486117959022522,0.0257365647703409,0.0,,,,0.0,0.0,,,,,0.5123046
237,0.5027862191200256,9.982696533203123,0.946012556552887,0.0546751208603382,0.0,,,,9.0,14.0,60.42857142857143,16.0,1.0,1.0,0.50598603
1180,-0.3083540201187134,3.6992554664611816,0.941332757472992,0.0366254113614559,0.0,,,,0.0,0.0,,,,,0.5982707
1080,-0.1016724482178688,5.050468444824219,0.9390377998352052,0.0149941127747297,0.0,,,,0.0,0.0,,,,,0.58846027
529,-0.2097616046667099,3.9473190307617183,0.9387481808662416,0.0151498969644308,0.0,,,,0.0,0.0,,,,,0.6100765
839,-0.4645055532455444,5.162802219390869,0.9324955344200134,0.0715201273560524,0.0,,,,0.0,0.0,,,,,0.634852
1283,-0.0481797084212303,3.753686428070069,0.9320794939994812,0.0121238408610224,0.0,,,,0.0,0.0,,,,,0.56850684
507,0.2638525366783142,2.2900161743164062,0.9267727732658386,0.0126610146835446,0.0,,,,0.0,0.0,,,,,0.53308946
810,-0.5327660441398621,3.643503189086914,0.9198516011238098,0.0251778811216354,0.0,,,,0.0,0.0,,,,,0.6423346
791,-0.1879698485136032,2.234750509262085,0.9195789098739624,0.0063905520364642,0.0,,,,0.0,0.0,,,,,0.60143
489,-0.4500477313995361,4.583148956298828,0.9133324027061462,0.0146820545196533,0.0,,,,0.0,0.0,,,,,0.6285334
88,-0.1764552891254425,4.682112693786621,0.9008386731147766,0.0081769311800599,0.0,,,,0.0,0.0,,,,,0.58280677
995,0.945194125175476,4.551453113555908,0.8978909254074097,0.0241543725132942,0.0,,,,0.0,0.0,,,,,0.4858663
1181,0.4017058908939361,5.463081359863281,0.8942384123802185,0.0199424549937248,0.0,,,,1.0,2.0,45.5,5.0,1.0,1.0,0.49966744
1122,-0.2783877849578857,5.339562892913818,0.8874161243438721,0.0272328481078147,0.0,,,,0.0,0.0,,,,,0.6208846
797,0.0124253910034894,3.870671510696411,0.8853627443313599,0.0167148970067501,0.0,,,,0.0,0.0,,,,,0.56651145
976,-0.3781097531318664,2.1314730644226074,0.884739875793457,0.0213020946830511,0.0,,,,0.0,0.0,,,,,0.62770206
121,0.5275055170059204,1.4836102724075315,0.8786686062812805,0.0053235730156302,0.0,,,,0.0,0.0,,,,,0.52577317
960,-0.4368108510971069,4.441125869750977,0.8712785840034485,0.0331276729702949,0.0,,,,0.0,0.0,,,,,0.62371135
1135,0.611544132232666,2.5397469997406006,0.8710361123085022,0.0068205459974706,0.0,,,,0.0,0.0,,,,,0.48935816
34,0.260832130908966,1.6598228216171265,0.8625972270965576,0.0055480562150478,0.0,,,,0.0,0.0,,,,,0.5374127
171,0.3352496922016144,7.108410835266113,0.8560116291046143,0.033546008169651,0.0,,,,0.0,0.0,,,,,0.51280344
1047,0.5163075923919678,0.985653042793274,0.8522635102272034,0.017533354461193,0.0,,,,0.0,0.0,,,,,0.55986035
405,1.660449504852295,1.46055805683136,0.8448683619499207,0.0054652947001159,0.0,,,,0.0,0.0,,,,,0.4243432
408,0.5184649229049683,3.0269532203674316,0.8373090624809265,0.0197801571339368,0.0,,,,0.0,0.0,,,,,0.5147988
820,-0.2308960109949112,5.395027160644531,0.835567057132721,0.0124254766851663,0.0,,,,0.0,0.0,,,,,0.59527767
1169,0.3120149970054626,2.5341410636901855,0.8354337215423584,0.0374563559889793,0.0,,,,0.0,0.0,,,,,0.52926505
144,-0.2695116996765136,3.440136194229126,0.8310539126396179,0.020631430670619,0.0,,,,0.0,0.0,,,,,0.59527767
515,-0.258573442697525,4.374360084533691,0.8309006690979004,0.0120583456009626,0.0,,,,0.0,0.0,,,,,0.60176253
254,0.595772922039032,1.6463050842285156,0.8274643421173096,0.0049281590618193,0.0,,,,0.0,0.0,,,,,0.5214499
550,0.3035127520561218,2.2061517238616943,0.8273264765739441,0.0095146177336573,0.0,,,,0.0,0.0,,,,,0.50981045
73,-0.1816762536764145,3.719412088394165,0.8259223103523254,0.0106651065871119,0.0,,,,0.0,0.0,,,,,0.60176253
818,0.0666606202721595,2.907360553741455,0.8204711079597473,0.0125433141365647,0.0,,,,0.0,0.0,,,,,0.57233125
830,0.0188427213579416,4.580768585205078,0.8187706470489502,0.0104703018441796,0.0,,,,0.0,0.0,,,,,0.5618557
1019,0.8561835885047913,1.4607607126235962,0.8177560567855835,0.0086606163531541,0.0,,,,0.0,0.0,,,,,0.5033256
1073,-0.0624193772673606,4.958636283874512,0.8152797818183899,0.0265271253883838,0.0,,,,0.0,0.0,,,,,0.578151
1176,-0.0550345629453659,2.542619228363037,0.8135247230529785,0.0156667586416006,0.0,,,,0.0,0.0,,,,,0.57066846
257,-0.6952553391456604,2.023484468460083,0.8126776218414307,0.0184229854494333,0.0,,,,0.0,0.0,,,,,0.68390423
1056,-0.5071440935134888,6.613277912139893,0.8104757070541382,0.029108565300703,0.0,,,,1.0,1.0,7.0,7.0,1.0,1.0,0.65214497
277,0.1050466001033783,3.2456095218658447,0.8079147338867188,0.0060668024234473,0.0,,,,0.0,0.0,,,,,0.5299302
367,-0.1722076088190078,1.9999845027923584,0.80780428647995,0.0387579016387462,0.0,,,,0.0,0.0,,,,,0.6092451
38,-0.0632636323571205,2.6380538940429688,0.8076804280281067,0.0122285401448607,0.0,,,,0.0,0.0,,,,,0.57066846
784,0.255852609872818,6.504827976226807,0.8061155080795288,0.0598416216671466,0.0,,,,0.0,0.0,,,,,0.50598603
1267,0.3289189636707306,7.667821884155273,0.8054466247558594,0.0307118706405162,0.0,,,,0.0,0.0,,,,,0.51878947
1102,0.90381520986557,2.128305196762085,0.7920846939086914,0.0059981807135045,0.0,,,,0.0,0.0,,,,,0.46674427
341,-0.7266753315925598,2.268925666809082,0.7890370488166809,0.0550269819796085,0.0,,,,0.0,0.0,,,,,0.67209846
786,0.7730617523193359,5.898752689361572,0.7800846695899963,0.10722416639328,0.0,,,,6.0,11.0,69.9090909090909,40.0,1.0,1.0,0.48087797
116,0.0147097893059253,2.72416353225708,0.77519690990448,0.0471729040145874,0.0,,,,0.0,0.0,,,,,0.57582307
628,0.3821312189102173,3.3417036533355713,0.7681326866149902,0.0216405931860208,0.0,,,,0.0,0.0,,,,,0.4795477
242,0.1476474106311798,3.2688851356506348,0.7637025117874146,0.0205852575600147,0.0,,,,0.0,0.0,,,,,0.5197872
462,-0.501361608505249,1.6518200635910034,0.7622817754745483,0.1060360521078109,0.0,,,,0.0,0.0,,,,,0.63219154
297,0.3771909177303314,2.1128222942352295,0.7555657029151917,0.0081049613654613,0.0,,,,0.0,0.0,,,,,0.51147324
690,-0.7905513048171997,2.465442180633545,0.7401862740516663,0.0100402329117059,0.0,,,,0.0,0.0,,,,,0.67758566
1273,-0.4912013411521911,1.8588566780090332,0.7361293435096741,0.0127939945086836,0.0,,,,0.0,0.0,,,,,0.6403392
543,-0.4183816313743591,5.128897190093994,0.733575701713562,0.0233240481466054,0.0,,,,0.0,0.0,,,,,0.62919855
1211,-0.0459060557186603,2.753643751144409,0.7272489070892334,0.0111718345433473,0.0,,,,0.0,0.0,,,,,0.5547057
677,1.947001576423645,1.399463176727295,0.7252942323684692,0.0065480498597025,0.0,,,,0.0,0.0,,,,,0.3940805
193,-0.4704650342464447,5.032140731811523,0.718543291091919,0.0151792950928211,0.0,,,,0.0,0.0,,,,,0.63235784
843,2.2698729038238525,1.2524728775024414,0.7166049480438232,0.0110998982563614,0.0,,,,0.0,0.0,,,,,0.36514798
334,-0.3777534067630768,2.9796721935272217,0.7138659954071045,0.0104759549722075,0.0,,,,0.0,0.0,,,,,0.62188226
1090,-0.5296695232391357,2.1140377521514893,0.7086788415908813,0.0450580120086669,0.0,,,,0.0,0.0,,,,,0.6636182
412,-0.842138946056366,1.8340301513671875,0.7081339359283447,0.0145325670018792,0.0,,,,0.0,0.0,,,,,0.6809112
832,0.5492175221443176,0.9901312589645386,0.7054534554481506,0.0280791409313678,0.0,,,,0.0,0.0,,,,,0.52078485
1178,0.6173357963562012,6.291430473327637,0.7021734118461609,0.0237041320651769,0.0,,,,0.0,0.0,,,,,0.476721
350,-0.0405524224042892,2.4836251735687256,0.6958907842636108,0.0152051132172346,0.0,,,,0.0,0.0,,,,,0.58613235
1183,0.841349184513092,5.3122878074646,0.6893905997276306,0.0119477054104208,0.0,,,,0.0,0.0,,,,,0.456435
1164,-0.0095405597239732,3.5236237049102783,0.6879836320877075,0.0216837283223867,0.0,,,,0.0,0.0,,,,,0.5414034
467,-0.8248505592346191,2.0550730228424072,0.6851922869682312,0.01356160081923,0.0,,,,0.0,0.0,,,,,0.6863984
893,0.3547212481498718,2.5123918056488037,0.6830195784568787,0.0058262259699404,0.0,,,,0.0,0.0,,,,,0.50615233
993,0.0695763528347015,3.4756712913513184,0.6820335984230042,0.0304506812244653,0.0,,,,0.0,0.0,,,,,0.53308946
219,-0.5586597919464111,4.439651966094971,0.6816021800041199,0.0375376790761947,0.0,,,,0.0,0.0,,,,,0.6476555
1036,0.084625519812107,4.572976112365723,0.6737736463546753,0.0076074786484241,0.0,,,,0.0,0.0,,,,,0.52577317
1294,0.7436454892158508,5.8619303703308105,0.6736113429069519,0.0290857665240764,0.0,,,,3.0,3.0,79.33333333333333,49.0,1.0,1.0,0.45610243
745,-0.2693622708320617,7.498105049133301,0.6732968091964722,0.0091373119503259,0.0,,,,0.0,0.0,,,,,0.60143
469,3.2140653133392334,3.6850156784057617,0.6704906821250916,0.0101932436227798,0.0,,,,8.0,9.0,43.55555555555556,1.0,1.0,1.0,0.3385434
188,-0.1702828705310821,2.400354385375977,0.6704007983207703,0.018570439890027,0.0,,,,0.0,0.0,,,,,0.5843033
1161,-0.1344639211893081,2.3389182090759277,0.670221745967865,0.0236573293805122,0.0,,,,0.0,0.0,,,,,0.5796475
634,-0.546885073184967,1.24998939037323,0.668458104133606,0.0107504315674304,0.0,,,,0.0,0.0,,,,,0.6438311
66,0.5613496899604797,5.047933578491211,0.6652897000312805,0.0171458572149276,0.0,,,,2.0,2.0,39.0,17.0,1.0,1.0,0.47904888
728,-0.5112266540527344,3.735189199447632,0.6634185314178467,0.0275766681879758,0.0,,,,0.0,0.0,,,,,0.61573
436,1.4963691234588623,0.6933596730232239,0.6598063111305237,0.0152230374515056,0.0,,,,0.0,0.0,,,,,0.48802793
1137,0.9927189350128174,9.304616928100586,0.658812940120697,0.0169873237609863,0.0,,,,18.0,30.0,40.8,2.0,1.0,1.0,0.4447955
922,-0.133910983800888,4.649097442626953,0.6569458842277527,0.0362580008804798,0.0,,,,0.0,0.0,,,,,0.58147657
1223,0.6429651975631714,1.815231442451477,0.654395341873169,0.0104438047856092,0.0,,,,0.0,0.0,,,,,0.48453608
305,0.7401325106620789,2.0927865505218506,0.6490273475646973,0.005907766520977,0.0,,,,0.0,0.0,,,,,0.45493847
675,-0.4581530690193176,1.665733814239502,0.6485216617584229,0.020294627174735,0.0,,,,0.0,0.0,,,,,0.6177253
195,0.3922757506370544,4.357173919677734,0.6456897258758545,0.014707607217133,0.0,,,,0.0,0.0,,,,,0.48420352
132,0.4390744268894195,2.279824495315552,0.6390056014060974,0.0293559972196817,0.0,,,,0.0,0.0,,,,,0.51380116
1044,-0.0861922651529312,2.05729603767395,0.6371946930885315,0.0217225644737482,0.0,,,,0.0,0.0,,,,,0.5480545
115,-0.598395586013794,2.0863962173461914,0.636542797088623,0.0145610719919204,0.0,,,,0.0,0.0,,,,,0.66262054
51,0.9650322794914246,8.19125747680664,0.6362436413764954,0.0165241621434688,0.0,,,,17.0,44.0,46.47727272727273,3.0,1.0,1.0,0.41769207
294,0.8081490993499756,1.651087999343872,0.6222392320632935,0.0120250973850488,0.0,,,,0.0,0.0,,,,,0.46375126
1215,2.907729387283325,3.8246638774871826,0.6109476089477539,0.0108219999819993,0.0,,,,6.0,7.0,66.57142857142857,5.0,1.0,1.0,0.34186897
798,1.21519672870636,1.6754138469696045,0.6086205244064331,0.0139448419213294,0.0,,,,0.0,0.0,,,,,0.42417693
118,-0.1153239607810974,2.786911725997925,0.6061381101608276,0.0253320708870887,0.0,,,,0.0,0.0,,,,,0.5834719
1165,0.5132796168327332,8.734903335571289,0.6044301390647888,0.0247392263263463,0.0,,,,2.0,2.0,38.0,27.0,1.0,1.0,0.48403725
177,0.3504612147808075,5.514692783355713,0.6023873090744019,0.014978501945734,0.0,,,,0.0,0.0,,,,,0.4920186
612,0.4745658338069916,2.1694915294647217,0.6009286642074585,0.0056777312420308,0.0,,,,0.0,0.0,,,,,0.47439307
990,-0.4251009523868561,6.098833084106445,0.5986412763595581,0.0176989883184433,0.0,,,,0.0,0.0,,,,,0.62337875
447,-0.5898116230964661,1.5083891153335571,0.5964417457580566,0.0753072872757911,0.0,,,,0.0,0.0,,,,,0.65729964
388,-0.3329899609088897,4.170068740844727,0.5937052369117737,0.0232961997389793,0.0,,,,0.0,0.0,,,,,0.5798138
1286,0.3404131829738617,3.2635459899902344,0.5909606218338013,0.0096161123365163,0.0,,,,0.0,0.0,,,,,0.5146325
1081,-0.8067234754562378,1.3817346096038818,0.5830427408218384,0.0120797744020819,0.0,,,,0.0,0.0,,,,,0.6800798
982,0.2660589218139648,8.171420097351074,0.5804603099822998,0.0255098156630992,0.0,,,,0.0,0.0,,,,,0.49800465
936,2.8878724575042725,1.1022388935089111,0.5718740224838257,0.0086529962718486,0.0,,,,0.0,0.0,,,,,0.35749918
890,-0.1799670159816742,2.917421579360962,0.569858193397522,0.0120506566017866,0.0,,,,0.0,0.0,,,,,0.562022
26,-0.46021768450737,4.501762866973877,0.5696089267730713,0.0296571478247642,0.0,,,,0.0,0.0,,,,,0.610409
466,-0.3221220970153808,2.5039966106414795,0.5659638047218323,0.0308422055095434,0.0,,,,6.0,8.0,55.125,21.0,1.0,1.0,0.58596605
630,-0.4158171117305755,6.286555767059326,0.5628742575645447,0.0239581149071455,0.0,,,,0.0,0.0,,,,,0.61124045
875,0.2723137140274048,1.6946370601654053,0.5625842213630676,0.0154884941875934,0.0,,,,0.0,0.0,,,,,0.5141337
591,0.854280948638916,3.655267000198364,0.5557227730751038,0.0278153847903013,0.0,,,,0.0,0.0,,,,,0.43581644
876,-0.1249634027481079,2.815260887145996,0.5521430373191833,0.0110536301508545,0.0,,,,0.0,0.0,,,,,0.58280677
96,-0.1752672344446182,2.572415590286255,0.5409079194068909,0.0067562982439994,0.0,,,,0.0,0.0,,,,,0.58297306
40,0.4239344000816345,2.555636167526245,0.5382962226867676,0.0080934390425682,0.0,,,,0.0,0.0,,,,,0.502993
584,-0.4244130253791809,4.442868709564209,0.5372921824455261,0.0176959447562694,0.0,,,,0.0,0.0,,,,,0.6265381
679,0.3804260492324829,5.019944190979004,0.5345162153244019,0.0081213470548391,0.0,,,,0.0,0.0,,,,,0.47372797
772,-0.8830461502075195,2.2498977184295654,0.5336977243423462,0.0131951505318284,0.0,,,,0.0,0.0,,,,,0.6990356
409,0.0081980926916003,1.5978466272354126,0.5334724187850952,0.0165905710309743,0.0,,,,0.0,0.0,,,,,0.5744929
1041,-0.0967558324337005,4.097087860107422,0.5295774936676025,0.0070592146366834,0.0,,,,0.0,0.0,,,,,0.55603594
816,0.4428752064704895,2.8748865127563477,0.5241177678108215,0.0091775543987751,0.0,,,,0.0,0.0,,,,,0.5049884
592,-0.3133597373962402,3.835876703262329,0.5240043997764587,0.0059834234416484,0.0,,,,0.0,0.0,,,,,0.5979381
920,0.0613456591963768,3.341620445251465,0.5181660652160645,0.0083130933344364,0.0,,,,0.0,0.0,,,,,0.5242767
90,4.200839042663574,0.3143574893474579,0.5156863331794739,0.0224099121987819,0.0,,,,0.0,0.0,,,,,0.42683738
7,-0.1905454099178314,3.5348217487335205,0.5035394430160522,0.0056554097682237,0.0,,,,0.0,0.0,,,,,0.5663452
1131,0.4911932051181793,8.05886459350586,0.4995497465133667,0.0224724579602479,0.0,,,,5.0,6.0,43.166666666666664,4.0,1.0,1.0,0.4858663
1045,-0.4012815952301025,2.1391074657440186,0.4967619478702545,0.0264988634735345,0.0,,,,0.0,0.0,,,,,0.6137346
822,0.2236291915178299,3.474276065826416,0.4926930367946625,0.019647741690278,0.0,,,,0.0,0.0,,,,,0.51163954
605,-0.2909176051616668,2.318397045135498,0.4856857359409332,0.0224399920552968,0.0,,,,0.0,0.0,,,,,0.58064514
183,0.5613859295845032,4.245530128479004,0.4842739999294281,0.0063830292783677,0.0,,,,0.0,0.0,,,,,0.4795477
758,0.4911522567272186,3.79845666885376,0.4840953350067138,0.0067796912044286,0.0,,,,0.0,0.0,,,,,0.47605586
1292,0.3515628576278686,2.20466685295105,0.4812735021114349,0.0258288774639368,0.0,,,,0.0,0.0,,,,,0.50798136
107,-0.324287861585617,3.941736459732056,0.4810335338115692,0.0071922279894351,0.0,,,,0.0,0.0,,,,,0.61273694
203,-0.2881487011909485,1.8961024284362793,0.4723776578903198,0.0582894347608089,0.0,,,,6.0,6.0,63.666666666666664,15.0,1.0,1.0,0.5921184
1171,-0.3658608198165893,2.2605526447296143,0.4723280966281891,0.0412222333252429,0.0,,,,0.0,0.0,,,,,0.611573
1010,0.6470310688018799,2.468456745147705,0.4708370268344879,0.010895388200879,0.0,,,,0.0,0.0,,,,,0.4437978
1004,0.3753747045993805,2.0773584842681885,0.4683849215507507,0.0091129653155803,0.0,,,,0.0,0.0,,,,,0.4913535
984,2.335952043533325,1.9659297466278076,0.4648008346557617,0.0073101622983813,0.0,,,,0.0,0.0,,,,,0.35201198
1310,-0.2458951622247696,5.751944541931152,0.4635690748691559,0.0061339512467384,0.0,,,,0.0,0.0,,,,,0.57781845
99,-0.7871310710906982,1.5042102336883545,0.4634875655174255,0.0194921754300594,0.0,,,,0.0,0.0,,,,,0.66245425
448,-0.6085681915283203,2.37219500541687,0.4617089033126831,0.0096918577328324,0.0,,,,0.0,0.0,,,,,0.6333555
337,-0.2720249593257904,3.1453704833984375,0.4555992782115936,0.0083496924489736,0.0,,,,0.0,0.0,,,,,0.5798138
372,-0.0756539702415466,1.3209327459335327,0.4533288776874542,0.0156975109130144,0.0,,,,0.0,0.0,,,,,0.58081144
585,0.2773752808570862,4.285749435424805,0.4510388374328613,0.0098432274535298,0.0,,,,0.0,0.0,,,,,0.4900233
618,-0.5256209969520569,3.8188323974609375,0.4433857798576355,0.013425481505692,0.0,,,,0.0,0.0,,,,,0.6132358
80,1.0387881994247437,1.394539713859558,0.433108389377594,0.0084348004311323,0.0,,,,0.0,0.0,,,,,0.4343199
283,0.5707719922065735,9.233120918273926,0.4318984746932983,0.0164829939603805,0.0,,,,2.0,2.0,6.5,4.0,1.0,1.0,0.4447955
519,-0.3271972835063934,1.8484605550765991,0.4289450049400329,0.0275737680494785,0.0,,,,0.0,0.0,,,,,0.60192883
702,0.1887871623039245,2.498990297317505,0.418784499168396,0.015110021457076,0.0,,,,0.0,0.0,,,,,0.5157965
444,0.0230696275830268,4.616205215454102,0.4159157276153564,0.0084283221513032,0.0,,,,0.0,0.0,,,,,0.53308946
411,0.2234773337841034,2.7189228534698486,0.4140917658805847,0.0091799525544047,0.0,,,,0.0,0.0,,,,,0.51895577
47,1.5412695407867432,1.04313063621521,0.4038537442684173,0.0086544398218393,0.0,,,,0.0,0.0,,,,,0.4190223
604,0.199856549501419,1.489705204963684,0.4002534449100494,0.0070127611979842,0.0,,,,0.0,0.0,,,,,0.5229465
423,0.6692684888839722,1.4526759386062622,0.4002158939838409,0.0107007520273327,0.0,,,,0.0,0.0,,,,,0.47173262
895,-0.4273996651172638,5.690793037414551,0.3966540694236755,0.0089807640761137,0.0,,,,0.0,0.0,,,,,0.6100765
526,2.656635046005249,1.327131986618042,0.3963377475738525,0.0088650388643145,0.0,,,,0.0,0.0,,,,,0.30146325
954,0.7911431789398193,2.0164825916290283,0.3946051895618438,0.0064486800692975,0.0,,,,0.0,0.0,,,,,0.4205188
486,0.8006137013435364,2.027843713760376,0.3938828110694885,0.0093710124492645,0.0,,,,0.0,0.0,,,,,0.41785833
458,-0.9583653211593628,1.8793740272521973,0.3910084664821625,0.0318613052368164,0.0,,,,0.0,0.0,,,,,0.69155306
705,0.5948359370231628,4.683922290802002,0.3890252113342285,0.0269526597112417,0.0,,,,0.0,0.0,,,,,0.44413036
932,-0.4557184875011444,5.087479591369629,0.3889607191085815,0.0206071026623249,0.0,,,,0.0,0.0,,,,,0.61489856
392,0.3939990103244781,4.075377464294434,0.3869020044803619,0.022481283172965,0.0,,,,0.0,0.0,,,,,0.47805122
575,-0.0108616016805171,1.8881731033325195,0.3864236176013946,0.0093856677412986,0.0,,,,0.0,0.0,,,,,0.55021614
692,0.2218117266893386,0.9327500462532043,0.3842171430587768,0.0119360191747546,0.0,,,,0.0,0.0,,,,,0.54871964
6,0.3089262843132019,6.270050525665283,0.3761382400989532,0.0578069649636745,0.0,,,,1.0,1.0,88.0,88.0,1.0,1.0,0.47090122
216,1.2912479639053345,1.7845139503479004,0.3757026493549347,0.0063855308108031,0.0,,,,0.0,0.0,,,,,0.40688393
864,0.262224018573761,2.5168371200561523,0.3753939867019653,0.0063965679146349,0.0,,,,0.0,0.0,,,,,0.49185234
419,-0.3721016049385071,3.0908243656158447,0.3706075251102447,0.0067662824876606,0.0,,,,0.0,0.0,,,,,0.6052544
1104,0.4004310071468353,2.5092453956604004,0.3697620034217834,0.0066895615309476,0.0,,,,0.0,0.0,,,,,0.46474892
803,0.1206655800342559,3.7450649738311768,0.3685066998004913,0.027818264439702,0.0,,,,0.0,0.0,,,,,0.51130694
1253,0.3485601544380188,3.0298101902008057,0.3658672571182251,0.0072434889152646,0.0,,,,0.0,0.0,,,,,0.49933487
727,0.5785923004150391,2.714129686355591,0.3652098178863525,0.0111542968079447,0.0,,,,0.0,0.0,,,,,0.46474892
795,0.535557746887207,1.8012197017669678,0.3597202003002167,0.0075899702496826,0.0,,,,0.0,0.0,,,,,0.4813768
678,0.7713203430175781,2.142822504043579,0.3585381507873535,0.0173715129494667,0.0,,,,0.0,0.0,,,,,0.43481874
873,-0.2832622528076172,5.564488887786865,0.3572911024093628,0.0225830115377903,0.0,,,,0.0,0.0,,,,,0.5904556
266,0.8693017959594727,1.8349167108535769,0.3544209003448486,0.0103778531774878,0.0,,,,0.0,0.0,,,,,0.4010642
1235,-0.4938119351863861,8.637537002563477,0.3530236780643463,0.0208147950470447,0.0,,,,0.0,0.0,,,,,0.6353508
476,0.3449075818061828,4.878255367279053,0.3485707640647888,0.0063431309536099,0.0,,,,0.0,0.0,,,,,0.47489193
324,0.4113510847091675,2.283511161804199,0.3485044836997986,0.0078182071447372,0.0,,,,0.0,0.0,,,,,0.48802793
1142,0.4420596063137054,7.573561668395996,0.3474689424037933,0.0229108482599258,0.0,,,,0.0,0.0,,,,,0.44728965
286,0.0714211389422416,5.313742160797119,0.3456595838069916,0.0064596328884363,0.0,,,,0.0,0.0,,,,,0.530429
650,-0.2417018860578537,2.3980400562286377,0.3439086675643921,0.0091061387211084,0.0,,,,0.0,0.0,,,,,0.5881277
404,2.104931116104126,1.0779160261154177,0.3409799635410309,0.009043269790709,0.0,,,,0.0,0.0,,,,,0.3328899
263,-0.1169557943940162,4.277359485626221,0.3348411917686462,0.0071346005424857,0.0,,,,0.0,0.0,,,,,0.57033587
647,-0.2283645570278167,1.4709378480911257,0.3327347934246063,0.0273230038583278,0.0,,,,0.0,0.0,,,,,0.60741603
496,-0.6976507306098938,1.714741826057434,0.3304300010204315,0.0228609461337327,0.0,,,,0.0,0.0,,,,,0.678417
309,0.1306664943695068,1.7382385730743408,0.3298276364803314,0.0132922874763607,0.0,,,,0.0,0.0,,,,,0.51829064
1227,-0.5220074653625488,1.820751070976257,0.3254354894161224,0.0194967985153198,0.0,,,,0.0,0.0,,,,,0.63451946
646,0.2707025110721588,2.0715267658233643,0.3242568969726562,0.0061648744158446,0.0,,,,0.0,0.0,,,,,0.50099766
977,2.6690473556518555,1.6544535160064695,0.323742002248764,0.0102418903261423,0.0,,,,0.0,0.0,,,,,0.3079481
861,2.0421884059906006,1.72914457321167,0.3219176530838012,0.0127740567550063,0.0,,,,0.0,0.0,,,,,0.33189225
1296,-0.3534642457962036,3.575615167617798,0.3192315697669983,0.0078307269141078,0.0,,,,0.0,0.0,,,,,0.576987
1299,0.171362817287445,1.779065489768982,0.3162803649902344,0.0131765007972717,0.0,,,,0.0,0.0,,,,,0.53624874
848,0.9699548482894896,4.276744842529297,0.315113753080368,0.0232028942555189,0.0,,,,0.0,0.0,,,,,0.3947456
616,2.1801629066467285,1.57300066947937,0.314175397157669,0.0073260203935205,0.0,,,,0.0,0.0,,,,,0.31942135
238,-0.146943137049675,3.0939111709594727,0.3069543540477752,0.0188097152858972,0.0,,,,0.0,0.0,,,,,0.5819754
655,-0.0918858721852302,2.4283032417297363,0.3058884143829345,0.0152101265266537,0.0,,,,0.0,0.0,,,,,0.5450615
975,-0.4181232750415802,6.65916633605957,0.3047140538692474,0.0081378538161516,0.0,,,,0.0,0.0,,,,,0.62387764
163,0.6973719000816345,5.736167907714844,0.2992816865444183,0.0165834315121173,0.0,,,,0.0,0.0,,,,,0.439142
471,-0.2282479107379913,2.61681866645813,0.2991937100887298,0.0341677740216255,0.0,,,,0.0,0.0,,,,,0.5821417
1289,0.3447035849094391,5.458088397979736,0.2979985177516937,0.0230610258877277,0.0,,,,0.0,0.0,,,,,0.4537745
512,0.0336997136473655,3.4840147495269775,0.297558456659317,0.019207390025258,0.0,,,,0.0,0.0,,,,,0.5367476
210,-0.4225254654884338,3.551532030105591,0.2953579425811767,0.0192838087677955,0.0,,,,0.0,0.0,,,,,0.6162288
351,-0.3776982724666595,1.7778863906860352,0.2894724607467651,0.0151837654411792,0.0,,,,0.0,0.0,,,,,0.62387764
508,-0.2479640245437622,4.451936721801758,0.2891306281089782,0.0298958607017993,0.0,,,,0.0,0.0,,,,,0.5621882
555,-0.5311089158058167,3.3272247314453125,0.2853242456912994,0.0170726869255304,0.0,,,,0.0,0.0,,,,,0.6356834
1141,-1.1768397092819214,2.1868526935577393,0.2811366021633148,0.0145660880953073,0.0,,,,0.0,0.0,,,,,0.73029596
22,0.2958087027072906,2.0346715450286865,0.2810566425323486,0.008850997313857,0.0,,,,0.0,0.0,,,,,0.4858663
321,-0.6457045674324036,1.331276774406433,0.2807802557945251,0.0234912112355232,0.0,,,,0.0,0.0,,,,,0.63601595
666,0.5012527108192444,3.0152413845062256,0.2790350914001465,0.0154856303706765,0.0,,,,0.0,0.0,,,,,0.45909545
835,0.4394649267196655,6.495829105377197,0.2783841788768768,0.0220930203795433,0.0,,,,1.0,1.0,57.0,57.0,1.0,1.0,0.44363153
213,3.2952942848205566,3.268847703933716,0.2773139476776123,0.0130691239610314,0.0,,,,1.0,1.0,1.0,1.0,1.0,1.0,0.29048887
1123,0.7601323127746582,5.064058780670166,0.2762562930583954,0.0527648329734802,0.0,,,,0.0,0.0,,,,,0.41286996
902,-0.4552140533924103,5.048973560333252,0.2756781876087188,0.0077796974219381,0.0,,,,0.0,0.0,,,,,0.62587297
1091,1.918670892715454,0.7838478684425354,0.2729874551296234,0.0116735342890024,0.0,,,,0.0,0.0,,,,,0.39956766
600,0.2212168574333191,4.52561616897583,0.2715376019477844,0.0113910231739282,0.0,,,,0.0,0.0,,,,,0.47938144
1128,0.5780097842216492,2.297122001647949,0.2653166949748993,0.0084972186014056,0.0,,,,0.0,0.0,,,,,0.4393083
946,-0.0200483091175556,3.1571550369262695,0.2616142630577087,0.0091982558369636,0.0,,,,0.0,0.0,,,,,0.54173595
33,0.9170571565628052,7.8840765953063965,0.2602981626987457,0.1023767665028572,0.0,,,,12.0,28.0,52.357142857142854,2.0,1.0,1.0,0.40355837
1127,-0.4454372227191925,4.0710768699646,0.257622480392456,0.0083766896277666,0.0,,,,0.0,0.0,,,,,0.62371135
500,0.3869535326957702,4.963557243347168,0.2538899481296539,0.01068034209311,0.0,,,,0.0,0.0,,,,,0.45992684
1167,2.4418818950653076,1.754941701889038,0.2517968416213989,0.0074437316507101,0.0,,,,0.0,0.0,,,,,0.2926505
128,1.0817956924438477,2.973299741744995,0.2493736743927002,0.0206995531916618,0.0,,,,0.0,0.0,,,,,0.37728634
131,-0.0725044086575508,3.2885024547576904,0.2490311861038208,0.0132758365944027,0.0,,,,0.0,0.0,,,,,0.53292316
1258,-0.7395379543304443,1.639804720878601,0.2478797882795334,0.0164476279169321,0.0,,,,0.0,0.0,,,,,0.65181243
62,0.0086065046489238,1.926714539527893,0.2446808069944381,0.0085958624258637,0.0,,,,0.0,0.0,,,,,0.5420685
1035,-0.7705807089805603,1.0256425142288208,0.2413624674081802,0.0206139013171196,0.0,,,,0.0,0.0,,,,,0.63069504
435,0.5805873274803162,2.882313966751098,0.2396055907011032,0.0077365664765238,0.0,,,,0.0,0.0,,,,,0.4281676
941,-0.345829039812088,1.27423894405365,0.2373649030923843,0.0409719347953796,0.0,,,,0.0,0.0,,,,,0.5756568
145,0.5076138377189636,3.7765650749206543,0.2303019315004348,0.0129428962245583,0.0,,,,0.0,0.0,,,,,0.46824077
942,0.6704631447792053,0.6799002885818481,0.2286339998245239,0.0334441065788269,0.0,,,,0.0,0.0,,,,,0.5054872
838,1.2099255323410034,1.6734038591384888,0.2250452041625976,0.0071611036546528,0.0,,,,0.0,0.0,,,,,0.40189558
540,0.4706310927867889,2.1966981887817383,0.219787135720253,0.007762445602566,0.0,,,,0.0,0.0,,,,,0.472564
176,1.7156593799591064,2.1656155586242676,0.2163974642753601,0.0097063770517706,0.0,,,,0.0,0.0,,,,,0.33422014
532,-0.1642086952924728,3.3813743591308594,0.2146490514278412,0.0080473693087697,0.0,,,,0.0,0.0,,,,,0.556701
746,-0.0903902128338813,2.410907745361328,0.2108069658279419,0.0098576582968235,0.0,,,,0.0,0.0,,,,,0.54905224
518,0.2555874288082123,2.0265963077545166,0.2092083543539047,0.0103949690237641,0.0,,,,0.0,0.0,,,,,0.5069837
1151,0.8804029822349548,8.256641387939453,0.2086908370256424,0.0324535518884658,0.0,,,,12.0,25.0,46.32,1.0,1.0,1.0,0.41952112
220,0.8001062870025635,2.9042763710021973,0.2017559707164764,0.0143922828137874,0.0,,,,0.0,0.0,,,,,0.40039906
926,0.1730890870094299,2.1442246437072754,0.1982325315475464,0.018174672499299,0.0,,,,0.0,0.0,,,,,0.5147988
130,0.3366958200931549,2.5138065814971924,0.189774677157402,0.0065921945497393,0.0,,,,0.0,0.0,,,,,0.48553374
1146,0.7857972383499146,7.243297576904297,0.1891255378723144,0.0467415712773799,0.0,,,,7.0,9.0,41.44444444444444,4.0,1.0,1.0,0.3949119
793,2.8029110431671143,1.9166196584701536,0.1771334260702133,0.0066621215082705,0.0,,,,0.0,0.0,,,,,0.2956435
537,2.175909996032715,1.1471891403198242,0.1765655577182769,0.0135970683768391,0.0,,,,0.0,0.0,,,,,0.31559694
1275,0.6892198920249939,4.207454681396484,0.1742734760046005,0.0194006878882646,0.0,,,,0.0,0.0,,,,,0.42484203
389,0.1491325497627258,4.73986291885376,0.1737822592258453,0.0072392239235341,0.0,,,,0.0,0.0,,,,,0.48320585
306,-0.2340940535068512,2.3585774898529053,0.1616053879261016,0.0064405919983983,0.0,,,,0.0,0.0,,,,,0.55038244
307,0.814982533454895,2.790924072265625,0.1603936553001403,0.007521447725594,0.0,,,,0.0,0.0,,,,,0.39757234
978,-0.1379881352186203,2.517223358154297,0.1564231365919113,0.0050808684900403,0.0,,,,0.0,0.0,,,,,0.533422
328,1.3711013793945312,0.6836150884628296,0.1549194604158401,0.0104982461780309,0.0,,,,0.0,0.0,,,,,0.4102095
847,0.5185319185256958,1.3256359100341797,0.1547800302505493,0.0173416510224342,0.0,,,,0.0,0.0,,,,,0.49484536
212,-0.0462807156145572,2.90114426612854,0.151201993227005,0.0206580385565757,0.0,,,,0.0,0.0,,,,,0.5392418
1144,0.6423077583312988,7.08059024810791,0.1510494202375412,0.0316123887896537,0.0,,,,1.0,1.0,7.0,7.0,1.0,1.0,0.4156967
644,-0.3130577504634857,4.357239723205566,0.1476522982120514,0.0090780081227421,0.0,,,,0.0,0.0,,,,,0.562022
69,0.6754111647605896,4.158522605895996,0.1463257223367691,0.0221612770110368,0.0,,,,0.0,0.0,,,,,0.42933157
1024,0.1867828071117401,3.357221841812134,0.1435333639383316,0.0094370832666754,0.0,,,,0.0,0.0,,,,,0.50598603
16,-0.27762371301651,3.18715763092041,0.143182560801506,0.0127874128520488,0.0,,,,0.0,0.0,,,,,0.5726638
857,0.3676079213619232,6.216691493988037,0.1425056904554367,0.0090226279571652,0.0,,,,0.0,0.0,,,,,0.44795477
141,-0.2408473491668701,2.0050837993621826,0.1376791447401046,0.0088169369846582,0.0,,,,0.0,0.0,,,,,0.57549053
757,-0.0736927315592765,2.387457847595215,0.1364894658327102,0.0144838206470012,0.0,,,,0.0,0.0,,,,,0.55437315
525,-0.0100561892613768,3.662387371063232,0.1362478733062744,0.0059758704155683,0.0,,,,0.0,0.0,,,,,0.52560693
894,0.3726924657821655,2.736536979675293,0.1287072896957397,0.0096580181270837,0.0,,,,0.0,0.0,,,,,0.44329897
25,0.5604584813117981,2.3535757064819336,0.1232553124427795,0.0071453936398029,0.0,,,,0.0,0.0,,,,,0.44446293
699,0.5287831425666809,5.455033302307129,0.1226410195231437,0.0328063182532787,0.0,,,,0.0,0.0,,,,,0.44097108
1002,-0.195418581366539,2.788408041000366,0.1189207062125206,0.0079986536875367,0.0,,,,0.0,0.0,,,,,0.5553708
394,-0.3628836274147033,2.2889437675476074,0.1174991503357887,0.0280984789133071,0.0,,,,0.0,0.0,,,,,0.58929163
114,0.4992328882217407,3.563591957092285,0.1154727712273597,0.0075382213108241,0.0,,,,0.0,0.0,,,,,0.42617226
606,0.6721131801605225,6.625253200531006,0.1144838631153106,0.0486985817551612,0.0,,,,16.0,25.0,44.84,2.0,1.0,1.0,0.40904555
463,0.1550484299659729,3.5501668453216553,0.1118760779500007,0.0200762823224067,0.0,,,,0.0,0.0,,,,,0.4920186
82,0.6557478904724121,5.161034107208252,0.1086393818259239,0.0102951098233461,0.0,,,,0.0,0.0,,,,,0.41303626
298,0.5461570620536804,7.823531627655029,0.1018757075071334,0.0437143146991729,0.0,,,,15.0,59.0,50.45762711864407,6.0,1.0,1.0,0.40887928
29,0.0660562440752983,4.3720383644104,0.0956688076257705,0.0103818941861391,0.0,,,,0.0,0.0,,,,,0.49966744
332,-0.9619459509849548,1.6213884353637695,0.0946941822767257,0.0196319688111543,0.0,,,,0.0,0.0,,,,,0.715996
111,0.1256227344274521,3.828772783279419,0.0921176299452781,0.0088889645412564,0.0,,,,0.0,0.0,,,,,0.4961756
234,-0.1404992341995239,5.819186687469482,0.0852896869182586,0.0084845535457134,0.0,,,,0.0,0.0,,,,,0.54023945
1240,0.7988317608833313,1.605000615119934,0.0846795290708541,0.0069969706237316,0.0,,,,0.0,0.0,,,,,0.41752577
1308,0.6216586232185364,5.271441459655762,0.0826633274555206,0.0148473195731639,0.0,,,,0.0,0.0,,,,,0.43315598
711,0.7405879497528076,5.663715362548828,0.0782622545957565,0.0261823348701,0.0,,,,0.0,0.0,,,,,0.40588626
981,1.3294764757156372,1.261970043182373,0.0782553553581237,0.0361110121011734,0.0,,,,0.0,0.0,,,,,0.3721317
1129,0.8579889535903931,2.327908754348755,0.0747899115085601,0.0100686289370059,0.0,,,,0.0,0.0,,,,,0.38427004
640,0.5227200984954834,4.0599799156188965,0.0731409639120101,0.0077298888936638,0.0,,,,0.0,0.0,,,,,0.43714666
964,0.6408724784851074,5.099095344543457,0.0711721926927566,0.0559318885207176,0.0,,,,10.0,19.0,51.10526315789474,1.0,1.0,1.0,0.40156302
789,0.9275720715522766,1.6764276027679443,0.0675785839557647,0.0079586096107959,0.0,,,,0.0,0.0,,,,,0.40305954
1076,-1.7113749980926514,2.6192169189453125,0.0668239668011665,0.0197654701769351,0.0,,,,0.0,0.0,,,,,0.7986365
974,0.402904063463211,2.89479660987854,0.0656174346804618,0.0089750448241829,0.0,,,,0.0,0.0,,,,,0.43897572
740,0.451948881149292,5.593629360198975,0.0638442263007164,0.0133646270260214,0.0,,,,0.0,0.0,,,,,0.43731293
813,0.6457827091217041,7.935845375061035,0.0624489076435565,0.0255181100219488,0.0,,,,2.0,2.0,65.5,51.0,1.0,1.0,0.4038909
356,-0.4467955529689789,5.639340877532959,0.0614270083606243,0.0102157201617956,0.0,,,,0.0,0.0,,,,,0.5921184
1271,-0.2457454055547714,3.216045379638672,0.0603890568017959,0.0043379268608987,0.0,,,,0.0,0.0,,,,,0.5458929
903,-0.5465970635414124,6.190329074859619,0.0599651522934436,0.0184592586010694,0.0,,,,0.0,0.0,,,,,0.6193881
480,0.92917001247406,4.778234958648682,0.0553117804229259,0.0176829379051923,0.0,,,,0.0,0.0,,,,,0.37795144
523,0.2606035470962524,2.601454973220825,0.0469699800014495,0.0071040554903447,0.0,,,,0.0,0.0,,,,,0.46774194
536,-0.2500269114971161,2.5003790855407715,0.0449859946966171,0.0139034502208232,0.0,,,,0.0,0.0,,,,,0.5425674
119,0.5079603791236877,5.966580867767334,0.0437955632805824,0.0213979389518499,0.0,,,,8.0,9.0,49.666666666666664,4.0,1.0,1.0,0.42251414
83,0.4754937887191772,3.9857351779937744,0.0388670824468135,0.0127243502065539,0.0,,,,0.0,0.0,,,,,0.43398735
229,0.9206878542900084,5.89707088470459,0.0376633703708648,0.0063298847526311,0.0,,,,0.0,0.0,,,,,0.40073162
355,-0.5944525003433228,8.841699600219727,0.036680668592453,0.010626696050167,0.0,,,,1.0,1.0,59.0,59.0,1.0,1.0,0.63801134
611,1.9078664779663088,0.8522287607192993,0.0321202278137207,0.0128229884430766,0.0,,,,0.0,0.0,,,,,0.37662122
172,0.4596103727817535,2.7727646827697754,0.0295690707862377,0.0102764796465635,0.0,,,,0.0,0.0,,,,,0.4437978
140,0.4647402465343475,2.8645358085632324,0.0248427800834178,0.0087431352585554,0.0,,,,0.0,0.0,,,,,0.45527104
1200,0.2586912214756012,2.436493158340454,0.0129474177956581,0.0234383884817361,0.0,,,,0.0,0.0,,,,,0.4765547
363,-0.3973823487758636,3.6090049743652344,0.0129181090742349,0.0220565497875213,0.0,,,,0.0,0.0,,,,,0.58713
1266,1.0339443683624268,1.5875327587127686,0.0101187014952301,0.0143492938950657,0.0,,,,0.0,0.0,,,,,0.35384104
233,-0.1847065240144729,1.699765920639038,0.0040995054878294,0.0433205403387546,0.0,,,,0.0,0.0,,,,,0.5586964
997,0.2182478308677673,6.317574501037598,0.0031195716001093,0.00866259355098,0.0,,,,0.0,0.0,,,,,0.45759892
455,-0.1119550988078117,5.049529552459717,5.213613621890545e-05,0.0101655591279268,0.0,,,,0.0,0.0,,,,,0.5404057
874,0.6678083539009094,2.418388843536377,-0.0002974499948322,0.0153624918311834,0.0,,,,0.0,0.0,,,,,0.39990023
217,0.5285727977752686,3.058894395828247,-0.0029173665679991,0.0066363075748085,0.0,,,,0.0,0.0,,,,,0.41619554
1287,-0.18047696352005,3.071199417114258,-0.0030677719041705,0.0145643772557377,0.0,,,,0.0,0.0,,,,,0.5655138
416,-0.6458707451820374,2.1509006023406982,-0.0038840023335069,0.0216889549046754,0.0,,,,0.0,0.0,,,,,0.6576322
190,0.1622363626956939,2.474213123321533,-0.0077188503928482,0.0094134211540222,0.0,,,,0.0,0.0,,,,,0.47605586
759,0.4363532960414886,5.447765827178955,-0.0085451053455472,0.022446347400546,0.0,,,,0.0,0.0,,,,,0.44911873
148,0.1719480454921722,4.982128620147705,-0.0086745619773864,0.0057401005178689,0.0,,,,0.0,0.0,,,,,0.4602594
994,0.5339174866676331,4.237746238708496,-0.0091328201815485,0.0184111762791872,0.0,,,,0.0,0.0,,,,,0.42683738
1185,0.5260182023048401,2.5639736652374268,-0.0097870333120226,0.00871486030519,0.0,,,,0.0,0.0,,,,,0.4376455
825,-0.0223137568682432,3.7937920093536377,-0.0115235354751348,0.021200954914093,0.0,,,,0.0,0.0,,,,,0.52361155
914,0.7693611979484558,1.8171107769012451,-0.0119795827195048,0.0059168208390474,0.0,,,,0.0,0.0,,,,,0.40339208
979,0.1955093294382095,2.224783182144165,-0.0141147430986166,0.0064193163998425,0.0,,,,0.0,0.0,,,,,0.50083137
1304,4.2354655265808105,0.1782118082046508,-0.0201731882989406,0.0612383037805557,0.0,,,,0.0,0.0,,,,,0.4384769
736,0.518101155757904,3.705461263656616,-0.0281811151653528,0.0090613896027207,0.0,,,,0.0,0.0,,,,,0.42068508
17,0.5137156844139099,2.7759995460510254,-0.0285345707088708,0.0059653790667653,0.0,,,,0.0,0.0,,,,,0.43099433
58,0.8027119040489197,3.28509521484375,-0.0358553007245063,0.0090733598917722,0.0,,,,0.0,0.0,,,,,0.38410375
569,0.5137382745742798,4.460996627807617,-0.0374628566205501,0.0067804460413753,0.0,,,,0.0,0.0,,,,,0.43631527
552,0.3469787836074829,2.3804845809936523,-0.0380505435168743,0.0155984023585915,0.0,,,,0.0,0.0,,,,,0.4805454
146,-0.3593811988830566,2.8646655082702637,-0.0403748489916324,0.0056058140471577,0.0,,,,0.0,0.0,,,,,0.5695045
1307,0.7180343270301819,4.949827671051025,-0.0407929047942161,0.0099671585485339,0.0,,,,0.0,0.0,,,,,0.3915863
617,0.5249180793762207,6.911443710327148,-0.0449555069208145,0.0160197261720895,0.0,,,,0.0,0.0,,,,,0.40572
366,1.660762906074524,0.9285902380943298,-0.0565290339291095,0.0161331053823232,0.0,,,,0.0,0.0,,,,,0.3540073
681,-0.0803954154253006,3.6187262535095215,-0.0578295886516571,0.0066398517228662,0.0,,,,0.0,0.0,,,,,0.51662785
1229,-0.0960388481616973,3.574892520904541,-0.0603759065270423,0.0076769818551838,0.0,,,,0.0,0.0,,,,,0.52577317
158,-1.1521925926208496,1.7426583766937256,-0.0616907961666584,0.018820846453309,0.0,,,,0.0,0.0,,,,,0.71483207
1279,0.6929659247398376,2.9747588634490967,-0.0619316324591636,0.0394577719271183,0.0,,,,0.0,0.0,,,,,0.39956766
1078,0.2498901933431625,2.8939454555511475,-0.063639760017395,0.0144336745142936,0.0,,,,0.0,0.0,,,,,0.4679082
395,0.1361571997404098,2.290530204772949,-0.064285472035408,0.0147975543513894,0.0,,,,0.0,0.0,,,,,0.48885933
53,1.1586875915527344,1.546894073486328,-0.0647993236780166,0.0163536760956048,0.0,,,,0.0,0.0,,,,,0.38244098
1191,-0.4173022508621216,6.016541004180908,-0.0662223398685455,0.0149228479713201,0.0,,,,0.0,0.0,,,,,0.59477884
840,-0.6075509190559387,1.777546763420105,-0.0664040297269821,0.0166985094547271,0.0,,,,0.0,0.0,,,,,0.6300299
885,0.6521525979042053,8.179686546325684,-0.0667333304882049,0.0421878844499588,0.0,,,,8.0,13.0,57.07692307692308,2.0,1.0,1.0,0.41453275
14,0.0756316632032394,3.6787538528442383,-0.0680471286177635,0.0085658272728323,0.0,,,,0.0,0.0,,,,,0.46275356
688,0.5919419527053833,4.2185139656066895,-0.0772129446268081,0.0077376938425004,0.0,,,,0.0,0.0,,,,,0.3869305
658,0.704894483089447,5.827232837677002,-0.0776267051696777,0.0459254086017608,0.0,,,,0.0,0.0,,,,,0.40206185
384,0.1063663214445114,1.0490738153457642,-0.0799119174480438,0.0279294997453689,0.0,,,,0.0,0.0,,,,,0.5014965
24,0.6186783313751221,2.0150809288024902,-0.0809780582785606,0.0066434885375201,0.0,,,,0.0,0.0,,,,,0.43714666
938,-0.7469819188117981,2.013030767440796,-0.081024557352066,0.013443442992866,0.0,,,,0.0,0.0,,,,,0.6549717
590,0.5247021317481995,3.1486024856567383,-0.0838287249207496,0.0107299881055951,0.0,,,,0.0,0.0,,,,,0.43365481
361,-0.167747214436531,1.880912184715271,-0.0848707184195518,0.014930791221559,0.0,,,,0.0,0.0,,,,,0.56900567
691,0.835870623588562,3.988187551498413,-0.0873202383518219,0.0449006110429763,0.0,,,,0.0,0.0,,,,,0.37229797
770,0.9404876232147216,2.4331560134887695,-0.088100329041481,0.016763312742114,0.0,,,,0.0,0.0,,,,,0.3822747
147,-0.3065459132194519,1.8661868572235107,-0.091471828520298,0.0433704890310764,0.0,,,,0.0,0.0,,,,,0.5854672
1112,-0.1280896216630935,3.34958815574646,-0.0932532623410224,0.0069030271843075,0.0,,,,0.0,0.0,,,,,0.53142667
1111,1.184173822402954,1.3984763622283936,-0.0939114540815353,0.0118617685511708,0.0,,,,0.0,0.0,,,,,0.368141
1097,-0.4996037483215332,5.0023603439331055,-0.1002093628048896,0.0207478310912847,0.0,,,,0.0,0.0,,,,,0.6090788
65,0.0849693417549133,2.6524455547332764,-0.1003159806132316,0.0082600899040699,0.0,,,,0.0,0.0,,,,,0.5023279
763,1.00792396068573,3.557976007461548,-0.101739190518856,0.0082223368808627,0.0,,,,1.0,1.0,16.0,16.0,1.0,1.0,0.37396076
292,-0.0385045446455478,2.0135602951049805,-0.1034241318702697,0.0179807785898447,0.0,,,,0.0,0.0,,,,,0.52244765
1072,-0.2509737610816955,1.9127323627471924,-0.104159690439701,0.0380383729934692,0.0,,,,0.0,0.0,,,,,0.57914865
1224,0.8824726939201355,2.253258466720581,-0.1115977764129638,0.0081941122189164,0.0,,,,0.0,0.0,,,,,0.3588294
760,0.4679523110389709,3.7018039226531982,-0.1119162738323211,0.011276664212346,0.0,,,,0.0,0.0,,,,,0.43315598
1094,0.2507619857788086,2.45373272895813,-0.1140327900648117,0.0097923660650849,0.0,,,,0.0,0.0,,,,,0.4820419
497,1.0909161567687988,2.817216396331787,-0.1147761493921279,0.0090212728828191,0.0,,,,0.0,0.0,,,,,0.34353176
806,0.923623263835907,8.37076187133789,-0.1164579018950462,0.0252786874771118,0.0,,,,3.0,6.0,40.5,3.0,1.0,1.0,0.378284
221,0.9578006267547609,4.028454780578613,-0.1200296729803085,0.0382659025490284,0.0,,,,0.0,0.0,,,,,0.34137014
546,0.1709666401147842,1.9866061210632324,-0.122792825102806,0.0115508083254098,0.0,,,,0.0,0.0,,,,,0.48320585
246,2.914897918701172,4.7812910079956055,-0.1235621571540832,0.0128586990758776,0.0,,,,12.0,19.0,52.05263157894737,13.0,1.0,1.0,0.21815763
1270,0.8292647004127502,2.177481889724731,-0.1281552165746688,0.0077067138627171,0.0,,,,0.0,0.0,,,,,0.38726306
1163,1.123191475868225,3.976384162902832,-0.1320431679487228,0.0231418255716562,0.0,,,,0.0,0.0,,,,,0.3167609
1318,0.101141333580017,2.1240758895874023,-0.133886232972145,0.0260555725544691,0.0,,,,0.0,0.0,,,,,0.48004657
397,0.2734853625297546,2.611248731613159,-0.1356483846902847,0.0098659880459308,0.0,,,,0.0,0.0,,,,,0.4733954
1209,0.2718794345855713,2.3165364265441895,-0.1362799704074859,0.0117395212873816,0.0,,,,0.0,0.0,,,,,0.47389424
712,1.063188552856445,4.513302326202393,-0.1377836465835571,0.0509860143065452,0.0,,,,0.0,0.0,,,,,0.3586631
1075,1.136641502380371,2.150949001312256,-0.1379794031381607,0.0079496623948216,0.0,,,,0.0,0.0,,,,,0.35600266
561,-1.0097228288650513,1.7752400636672974,-0.1384785622358322,0.010853724554181,0.0,,,,0.0,0.0,,,,,0.7066844
248,-0.1965072154998779,1.9420665502548216,-0.1385167092084884,0.0183129534125328,0.0,,,,0.0,0.0,,,,,0.571001
379,1.4769848585128784,2.3011655807495117,-0.1411719620227813,0.0098632778972387,0.0,,,,0.0,0.0,,,,,0.31992018
1293,-0.4882732033729553,4.121086120605469,-0.1417021751403808,0.0235978979617357,0.0,,,,0.0,0.0,,,,,0.6067509
707,1.8202680349349976,1.3148868083953855,-0.150083303451538,0.0072781443595886,0.0,,,,0.0,0.0,,,,,0.3237446
162,-0.1100368052721023,2.1047842502593994,-0.154958426952362,0.0622384957969188,0.0,,,,0.0,0.0,,,,,0.5409046
915,-1.5113930702209473,2.1900696754455566,-0.157378688454628,0.0253156889230012,0.0,,,,0.0,0.0,,,,,0.80512136
326,0.4332248866558075,3.7767958641052246,-0.1616142243146896,0.0065148938447237,0.0,,,,0.0,0.0,,,,,0.43581644
846,0.1900713294744491,4.722114562988281,-0.1630429476499557,0.008448826149106,0.0,,,,0.0,0.0,,,,,0.46225473
1247,0.3809801340103149,2.366123676300049,-0.1630574166774749,0.005685556679964,0.0,,,,0.0,0.0,,,,,0.4562687
426,0.7656238675117493,1.0940278768539429,-0.1699157059192657,0.0111457211896777,0.0,,,,0.0,0.0,,,,,0.4281676
547,1.629808783531189,1.688215255737305,-0.1731407344341278,0.0107078868895769,0.0,,,,0.0,0.0,,,,,0.30678418
1237,0.2234221994876861,2.5388176441192627,-0.1819648742675781,0.0083340164273977,0.0,,,,0.0,0.0,,,,,0.4830396
1008,1.804076910018921,1.4679484367370603,-0.1870053857564926,0.0121721308678388,0.0,,,,0.0,0.0,,,,,0.2908214
887,0.0887453779578208,2.953418970108032,-0.194088876247406,0.0054304860532283,0.0,,,,0.0,0.0,,,,,0.4727303
509,-0.8204721212387085,1.4728457927703855,-0.1943925470113754,0.0206620953977108,0.0,,,,0.0,0.0,,,,,0.669438
898,0.3705868721008301,3.762523651123047,-0.19500432908535,0.0079600252211093,0.0,,,,0.0,0.0,,,,,0.45044896
1186,1.0388096570968628,2.3628547191619873,-0.1954811066389084,0.0314133390784263,0.0,,,,0.0,0.0,,,,,0.36082473
559,0.6963369846343994,4.053531646728516,-0.1994727104902267,0.0128696952015161,0.0,,,,0.0,0.0,,,,,0.36697707
598,2.9158871173858643,1.4172431230545044,-0.2015810459852218,0.0127205941826105,0.0,,,,0.0,0.0,,,,,0.25241104
653,0.327776551246643,1.532837152481079,-0.2088334709405899,0.007346810773015,0.0,,,,0.0,0.0,,,,,0.4220153
371,0.9881564974784852,1.9963483810424805,-0.2093344926834106,0.0152714354917407,0.0,,,,0.0,0.0,,,,,0.37013635
126,-1.1519211530685425,1.893646478652954,-0.2138252109289169,0.0142245851457118,0.0,,,,0.0,0.0,,,,,0.71632856
553,-0.3600575625896454,4.147069454193115,-0.2152199745178222,0.0172270443290472,0.0,,,,0.0,0.0,,,,,0.5688394
700,-0.1318142861127853,1.844810962677002,-0.2152812033891677,0.0373766496777534,0.0,,,,5.0,5.0,53.2,20.0,1.0,1.0,0.54905224
819,0.4093140363693237,1.8412930965423584,-0.2197986841201782,0.0149901704862713,0.0,,,,0.0,0.0,,,,,0.4343199
1030,-0.2062095701694488,2.170114755630493,-0.2216193825006485,0.0120935533195734,0.0,,,,0.0,0.0,,,,,0.5691719
174,-0.216313287615776,1.9866697788238523,-0.222323790192604,0.0148437628522515,0.0,,,,0.0,0.0,,,,,0.5538743
169,-0.8176431655883789,1.1186366081237793,-0.2225673794746399,0.0145516600459814,0.0,,,,0.0,0.0,,,,,0.6657798
1065,0.7417546510696411,2.8558058738708496,-0.2250448316335678,0.0061548207886517,0.0,,,,0.0,0.0,,,,,0.39291653
742,1.7706949710845947,1.5929245948791504,-0.2261406034231186,0.0067879315465688,0.0,,,,0.0,0.0,,,,,0.29065514
906,-0.4742399156093597,5.289313316345215,-0.2265273779630661,0.0098841292783617,0.0,,,,0.0,0.0,,,,,0.62554044
610,0.1864373683929443,1.8004930019378662,-0.2275517731904983,0.0095629710704088,0.0,,,,0.0,0.0,,,,,0.47140005
1300,0.3606932163238525,3.522144556045532,-0.2280721068382263,0.0054091624915599,0.0,,,,0.0,0.0,,,,,0.43315598
775,1.7263799905776978,2.002394199371338,-0.2287445217370987,0.0089819645509123,0.0,,,,0.0,0.0,,,,,0.2746924
9,3.165731430053711,3.335845947265625,-0.2323812395334243,0.0127434907481074,0.0,,,,0.0,0.0,,,,,0.23362155
59,2.1045572757720947,0.3418833911418915,-0.2374948114156723,0.0268908478319644,0.0,,,,0.0,0.0,,,,,0.42800134
168,0.3033476173877716,2.8908300399780273,-0.2389242202043533,0.0146993864327669,0.0,,,,0.0,0.0,,,,,0.45510477
330,0.1111418902873992,3.015817642211914,-0.2390000224113464,0.0057106679305434,0.0,,,,0.0,0.0,,,,,0.49102095
293,0.7356090545654297,2.836103916168213,-0.2393875122070312,0.0097568416967988,0.0,,,,0.0,0.0,,,,,0.36531428
837,-0.4399895966053009,1.6943109035491943,-0.2401323169469833,0.0186471249908208,0.0,,,,0.0,0.0,,,,,0.60758233
178,1.5119712352752686,6.120535373687744,-0.2412694990634918,0.023119343444705,0.0,,,,7.0,11.0,50.72727272727273,3.0,1.0,1.0,0.2893249
596,0.3757141828536987,5.1646552085876465,-0.2414371520280838,0.0072866729460656,0.0,,,,0.0,0.0,,,,,0.40438977
323,2.038857936859131,2.011713981628418,-0.2414695471525192,0.010864645242691,0.0,,,,0.0,0.0,,,,,0.256568
473,0.771465003490448,4.573190689086914,-0.2425392866134643,0.020884484052658,0.0,,,,0.0,0.0,,,,,0.3664782
1138,0.3035745322704315,2.2180962562561035,-0.242781400680542,0.013442943803966,0.0,,,,0.0,0.0,,,,,0.4572664
343,-0.3714776933193207,2.395411968231201,-0.2474800050258636,0.0069185625761747,0.0,,,,0.0,0.0,,,,,0.5804789
734,-0.2980437576770782,2.097537040710449,-0.2548225224018097,0.0204398874193429,0.0,,,,0.0,0.0,,,,,0.56484866
620,-0.1591694951057434,3.332286834716797,-0.2607448995113373,0.0076579097658395,0.0,,,,0.0,0.0,,,,,0.5354174
1175,0.8833717107772827,2.0993287563323975,-0.2624535262584686,0.0071117794141173,0.0,,,,0.0,0.0,,,,,0.37063518
159,-1.2583684921264648,2.55362868309021,-0.2631324231624603,0.0184969566762447,0.0,,,,0.0,0.0,,,,,0.7582308
934,0.4871394336223602,4.306968688964844,-0.2634822428226471,0.0058942195028066,0.0,,,,0.0,0.0,,,,,0.42085135
1242,0.7220584154129028,8.256056785583496,-0.2646923065185547,0.0463233739137649,0.0,,,,12.0,14.0,40.07142857142857,3.0,1.0,1.0,0.3596608
1221,0.6884998679161072,3.125227451324463,-0.2651902139186859,0.0111456792801618,0.0,,,,0.0,0.0,,,,,0.38244098
1230,2.5826616287231445,1.045214295387268,-0.2664256691932678,0.009882696904242,0.0,,,,0.0,0.0,,,,,0.26122382
68,0.6077757477760315,5.22028923034668,-0.2696166336536407,0.0164444278925657,0.0,,,,1.0,1.0,42.0,42.0,1.0,1.0,0.37695378
1233,-1.0805422067642212,2.1912877559661865,-0.2724305689334869,0.0172678921371698,0.0,,,,0.0,0.0,,,,,0.733289
179,0.2813060283660888,1.870411038398743,-0.2730490565299988,0.0055221035145223,0.0,,,,0.0,0.0,,,,,0.46674427
939,-0.106548435986042,1.756411075592041,-0.2737794816493988,0.0395632237195968,0.0,,,,0.0,0.0,,,,,0.5267709
1084,-1.4937694072723389,1.9850828647613523,-0.2766274213790893,0.0141807766631245,0.0,,,,0.0,0.0,,,,,0.7823412
1269,0.514137864112854,2.4638869762420654,-0.2789724767208099,0.0204657204449176,0.0,,,,0.0,0.0,,,,,0.4072165
21,2.2727437019348145,1.052597165107727,-0.2822675108909607,0.0088642640039324,0.0,,,,0.0,0.0,,,,,0.28832725
708,0.5645837783813477,2.799699306488037,-0.2828818261623382,0.0130894184112548,0.0,,,,0.0,0.0,,,,,0.41453275
63,-0.7161389589309692,2.128927230834961,-0.2888991832733154,0.0607433356344699,0.0,,,,0.0,0.0,,,,,0.64499503
495,0.5614161491394043,4.272398948669434,-0.2929286956787109,0.0078407917171716,0.0,,,,0.0,0.0,,,,,0.39291653
170,1.6385470628738403,2.0052671432495117,-0.2936615645885467,0.0083470391109585,0.0,,,,0.0,0.0,,,,,0.2823412
602,2.7226133346557617,1.0238648653030396,-0.2975378632545471,0.0113355051726102,0.0,,,,0.0,0.0,,,,,0.25457266
461,0.3629645109176636,2.310294389724731,-0.301523357629776,0.0071696890518069,0.0,,,,0.0,0.0,,,,,0.43797806
917,2.8260059356689453,5.136653423309326,-0.3015474379062652,0.0101816207170486,0.0,,,,12.0,24.0,48.125,3.0,1.0,1.0,0.22164948
443,0.3257575333118438,9.011865615844728,-0.3051311671733856,0.0283519476652145,0.0,,,,15.0,22.0,48.72727272727273,7.0,1.0,1.0,0.40838045
207,0.8170296549797058,2.303804397583008,-0.309473842382431,0.0167813822627067,0.0,,,,0.0,0.0,,,,,0.357998
911,0.8424469232559204,5.544384002685547,-0.3132752180099487,0.0235730148851871,0.0,,,,2.0,2.0,82.5,82.0,1.0,1.0,0.35916194
79,1.136995553970337,4.5008673667907715,-0.318026065826416,0.0093251764774322,0.0,,,,0.0,0.0,,,,,0.31277022
316,0.0095370635390281,2.3582968711853027,-0.320901483297348,0.033675167709589,0.0,,,,5.0,8.0,68.625,30.0,1.0,1.0,0.5126372
282,2.8979296684265137,4.194326400756836,-0.329467236995697,0.0132188601419329,0.0,,,,4.0,4.0,31.0,20.0,1.0,1.0,0.20801464
300,0.4768062829971313,1.264767289161682,-0.3330872356891632,0.0127274226397275,0.0,,,,0.0,0.0,,,,,0.46291986
768,1.3858518600463867,1.604770302772522,-0.3342528045177459,0.0085581326857209,0.0,,,,0.0,0.0,,,,,0.3338876
1003,1.247672438621521,2.1847293376922607,-0.3396438956260681,0.0073168231174349,0.0,,,,0.0,0.0,,,,,0.33355504
1245,0.6468675136566162,3.824603319168091,-0.3428082764148712,0.0144713632762432,0.0,,,,0.0,0.0,,,,,0.37712005
1173,0.7238091230392456,1.8867156505584717,-0.3439704775810241,0.0062216464430093,0.0,,,,0.0,0.0,,,,,0.40788162
621,0.6400414109230042,5.147692680358887,-0.3490960299968719,0.0100614121183753,0.0,,,,0.0,0.0,,,,,0.34918523
684,-0.7305802702903748,1.3801788091659546,-0.3491451144218445,0.0199227929115295,0.0,,,,0.0,0.0,,,,,0.6262055
117,1.571844220161438,1.4706507921218872,-0.3528563678264618,0.0097249345853924,0.0,,,,0.0,0.0,,,,,0.3034586
18,0.0437135398387908,2.2461137771606445,-0.3529246747493744,0.0077382619492709,0.0,,,,0.0,0.0,,,,,0.4704024
1121,0.6185970902442932,4.198471546173096,-0.3533497750759125,0.0128326145932078,0.0,,,,0.0,0.0,,,,,0.3860991
153,2.0335404872894287,1.6933964490890503,-0.3534602224826813,0.0086523089557886,0.0,,,,0.0,0.0,,,,,0.24742268
1031,-0.6590472459793091,1.4545161724090576,-0.358892023563385,0.0154346637427806,0.0,,,,0.0,0.0,,,,,0.61523116
801,0.1394155770540237,2.0071442127227783,-0.3658711612224579,0.0133383003994822,0.0,,,,0.0,0.0,,,,,0.47788495
733,0.5208905339241028,2.267679452896118,-0.3659206628799438,0.0139850322157144,0.0,,,,0.0,0.0,,,,,0.41070834
428,1.5860207080841064,1.8669352531433103,-0.3712339699268341,0.0130264479666948,0.0,,,,0.0,0.0,,,,,0.30046558
1115,0.3354254961013794,3.0504467487335205,-0.3776944875717163,0.0106059461832046,0.0,,,,0.0,0.0,,,,,0.41752577
693,-1.029149293899536,1.6041195392608645,-0.3783141374588012,0.0207530632615089,0.0,,,,0.0,0.0,,,,,0.7193216
660,0.1189994290471077,1.6901897192001345,-0.3793794214725494,0.0113355312496423,0.0,,,,0.0,0.0,,,,,0.49334887
149,-1.1756762266159058,1.610076904296875,-0.3802052736282348,0.0184858534485101,0.0,,,,0.0,0.0,,,,,0.6908879
401,4.410126686096191,0.5815434455871582,-0.3810333907604217,0.0236826408654451,0.0,,,,1.0,1.0,48.0,48.0,1.0,1.0,0.2394413
765,-0.099370963871479,4.835338115692139,-0.3817645609378814,0.006624043919146,0.0,,,,0.0,0.0,,,,,0.5014965
315,-0.1445933431386947,3.6887221336364746,-0.3825526535511017,0.0148757481947541,0.0,,,,0.0,0.0,,,,,0.5266046
930,1.6889437437057495,1.603251814842224,-0.3831833004951477,0.0100204646587371,0.0,,,,0.0,0.0,,,,,0.2800133
566,-0.2092819362878799,3.938368797302246,-0.3832201063632965,0.0251113679260015,0.0,,,,0.0,0.0,,,,,0.5533755
104,-0.4408502876758575,2.3120250701904297,-0.3833190500736236,0.0089374100789427,0.0,,,,0.0,0.0,,,,,0.58762884
635,-0.5848171710968018,2.4259233474731445,-0.3849643468856811,0.0135629409924149,0.0,,,,0.0,0.0,,,,,0.6263718
991,1.1389923095703125,1.176253080368042,-0.3851349353790283,0.0152442911639809,0.0,,,,0.0,0.0,,,,,0.35450616
241,-0.127971202135086,1.687778353691101,-0.3882069885730743,0.0475806854665279,0.0,,,,0.0,0.0,,,,,0.5397406
84,0.0208123791962862,3.8880889415740967,-0.3882745206356048,0.0134928990155458,0.0,,,,0.0,0.0,,,,,0.502993
1195,0.5654695630073547,4.94560432434082,-0.3885065019130707,0.0122048435732722,0.0,,,,0.0,0.0,,,,,0.3807782
1317,0.6660935878753662,3.294769763946533,-0.3890728652477264,0.0123973516747355,0.0,,,,0.0,0.0,,,,,0.36398405
983,1.0005087852478027,2.2339253425598145,-0.3900383114814758,0.0154771991074085,0.0,,,,0.0,0.0,,,,,0.31609577
353,-0.579117476940155,1.1967620849609375,-0.3927191495895386,0.0215316377580165,0.0,,,,0.0,0.0,,,,,0.60808116
204,0.906840980052948,2.497003078460694,-0.3944299519062042,0.0084507232531905,0.0,,,,0.0,0.0,,,,,0.36597937
1251,-0.2269966304302215,1.759316325187683,-0.3950428068637848,0.0106859058141708,0.0,,,,0.0,0.0,,,,,0.5600266
452,0.5278708338737488,1.493702411651611,-0.3958463966846466,0.0207396745681762,0.0,,,,0.0,0.0,,,,,0.44030595
1261,2.5633795261383057,2.3807058334350586,-0.400898665189743,0.0486247614026069,0.0,,,,0.0,0.0,,,,,0.20003326
754,0.6818727850914001,3.236149549484253,-0.4068237245082855,0.0069906548596918,0.0,,,,0.0,0.0,,,,,0.357998
425,0.4543070793151855,3.503448724746704,-0.4068447053432464,0.0206783898174762,0.0,,,,0.0,0.0,,,,,0.4038909
794,0.6109676957130432,4.351902961730957,-0.4080274403095245,0.0088658388704061,0.0,,,,0.0,0.0,,,,,0.37645495
338,0.8835287690162659,2.141976833343506,-0.4115203619003296,0.0071886503137648,0.0,,,,0.0,0.0,,,,,0.38194212
593,0.8988530039787292,2.4436352252960205,-0.4122899770736694,0.0366699285805225,0.0,,,,0.0,0.0,,,,,0.34053874
557,0.4270271956920624,1.7176613807678225,-0.4133544862270355,0.0246775560081005,0.0,,,,0.0,0.0,,,,,0.44529432
239,-0.5879129767417908,1.6116900444030762,-0.4136877059936523,0.022798353806138,0.0,,,,0.0,0.0,,,,,0.62038577
160,1.1028919219970703,2.978935718536377,-0.4184358119964599,0.0114372847601771,0.0,,,,0.0,0.0,,,,,0.32490855
1174,2.9426865577697754,4.461543083190918,-0.4201234579086303,0.0114981401711702,0.0,,,,11.0,15.0,43.6,2.0,1.0,1.0,0.20219488
206,-1.554685354232788,1.5626615285873413,-0.420269250869751,0.0426728166639804,0.0,,,,0.0,0.0,,,,,0.7775191
695,0.0672689005732536,5.921285629272461,-0.4213937819004059,0.0094742234796285,0.0,,,,0.0,0.0,,,,,0.46524775
735,0.129868134856224,2.8183670043945312,-0.4263438880443573,0.0067963660694658,0.0,,,,0.0,0.0,,,,,0.47073495
1136,0.0202181916683912,1.7674418687820437,-0.4270346164703369,0.043239776045084,0.0,,,,0.0,0.0,,,,,0.50581974
796,0.688591480255127,3.841257095336914,-0.4270454049110412,0.0083200968801975,0.0,,,,0.0,0.0,,,,,0.38643166
155,1.3582115173339844,1.4494959115982056,-0.4288119673728943,0.0110678905621171,0.0,,,,0.0,0.0,,,,,0.30628532
1,2.3831512928009033,2.0096588134765625,-0.4340434968471527,0.0264750514179468,0.0,,,,0.0,0.0,,,,,0.21350183
60,0.54510498046875,4.951480865478516,-0.4345019459724426,0.0121229561045765,0.0,,,,0.0,0.0,,,,,0.37795144
642,-0.134784460067749,5.015473365783691,-0.4356297254562378,0.0111913420259952,0.0,,,,0.0,0.0,,,,,0.537579
564,-0.6019472479820251,2.3594322204589844,-0.436000645160675,0.0138585185632109,0.0,,,,0.0,0.0,,,,,0.62371135
445,0.3537206649780273,3.469574213027954,-0.4393970072269439,0.00842469278723,0.0,,,,0.0,0.0,,,,,0.4306618
1152,1.8012001514434814,0.9061605930328368,-0.4444704949855804,0.0177263673394918,0.0,,,,0.0,0.0,,,,,0.31027603
138,0.256543219089508,8.223426818847656,-0.4460258781909942,0.0113020576536655,0.0,,,,0.0,0.0,,,,,0.40921184
1202,0.7000788450241089,9.547168731689451,-0.4472474455833435,0.0129904923960566,0.0,,,,7.0,10.0,47.6,2.0,1.0,1.0,0.36381775
291,0.039733987301588,4.859504699707031,-0.4510486125946045,0.0051944935694336,0.0,,,,0.0,0.0,,,,,0.456435
1316,0.8498209118843079,3.7116892337799072,-0.4520734250545501,0.0116385808214545,0.0,,,,0.0,0.0,,,,,0.32973063
344,0.8036094307899475,2.025799512863159,-0.4546332657337188,0.0086952904239296,0.0,,,,0.0,0.0,,,,,0.34452942
91,1.4126020669937134,3.659764528274536,-0.4555568397045135,0.0067812162451446,0.0,,,,0.0,0.0,,,,,0.2590622
1034,1.6111301183700562,0.9747769236564636,-0.4564056396484375,0.0125375455245375,0.0,,,,0.0,0.0,,,,,0.34519455
741,-0.3291120231151581,1.966935634613037,-0.4578217267990112,0.0125202825292944,0.0,,,,0.0,0.0,,,,,0.56667775
613,0.9308618903160096,4.721964359283447,-0.4580829441547394,0.0096243852749466,0.0,,,,0.0,0.0,,,,,0.32856667
127,0.8274856805801392,3.3451759815216064,-0.4600955247879028,0.0071856467984616,0.0,,,,0.0,0.0,,,,,0.35184568
272,5.297046661376953,0.4158333241939544,-0.4635073840618133,0.0571222007274627,0.0,,,,9.0,13.0,57.23076923076923,21.0,1.0,1.0,0.25956103
1118,0.510921835899353,1.416013479232788,-0.4667591154575348,0.0064699877984821,0.0,,,,0.0,0.0,,,,,0.41253743
1117,0.0562266521155834,3.997625589370727,-0.4676973819732666,0.0056498241610825,0.0,,,,0.0,0.0,,,,,0.48486865
534,-0.3923279941082001,3.3970353603363037,-0.4704708755016327,0.0087665366008877,0.0,,,,0.0,0.0,,,,,0.5854672
925,1.1314563751220703,2.0346179008483887,-0.4707216024398803,0.0059236264787614,0.0,,,,0.0,0.0,,,,,0.30445626
1096,0.3842293322086334,4.2601637840271,-0.4746894240379333,0.0145421111956238,0.0,,,,0.0,0.0,,,,,0.41054207
882,-0.2258329838514328,1.6045033931732178,-0.4749439358711242,0.0135235646739602,0.0,,,,0.0,0.0,,,,,0.54339874
189,-0.2371364086866378,3.454608917236328,-0.4778287708759308,0.0065786712802946,0.0,,,,0.0,0.0,,,,,0.55071497
1162,-1.179975509643555,1.9788527488708496,-0.4818120002746582,0.0147190131247043,0.0,,,,0.0,0.0,,,,,0.72264713
918,0.7929127216339111,1.1856462955474854,-0.4835565090179443,0.0086590191349387,0.0,,,,0.0,0.0,,,,,0.38293982
664,1.0188392400741575,1.0311113595962524,-0.4844628572463989,0.0169739052653312,0.0,,,,0.0,0.0,,,,,0.3704689
1070,0.9177950620651244,3.553999900817871,-0.4864214658737182,0.0307456012815237,0.0,,,,0.0,0.0,,,,,0.32025275
1049,3.9129273891448975,0.5058336853981018,-0.488462895154953,0.0180000159889459,0.0,,,,0.0,0.0,,,,,0.28799468
1301,0.3198243677616119,2.014096975326538,-0.4919610619544983,0.0184601321816444,0.0,,,,0.0,0.0,,,,,0.4235118
764,1.9766985177993777,1.706413745880127,-0.49314084649086,0.0080649321898818,0.0,,,,0.0,0.0,,,,,0.23528434
928,0.0030113090761005,1.0734477043151855,-0.4980531334877014,0.0333923250436782,0.0,,,,0.0,0.0,,,,,0.52394414
528,-0.1302734911441803,2.9159462451934814,-0.5019428133964539,0.014172326773405,0.0,,,,0.0,0.0,,,,,0.51529765
812,3.7573161125183105,0.5280328392982483,-0.5020182728767395,0.0573688372969627,0.0,,,,0.0,0.0,,,,,0.3041237
1092,1.6750069856643677,2.078644275665283,-0.5041335225105286,0.0100433714687824,0.0,,,,0.0,0.0,,,,,0.26039243
805,-0.8318096399307251,2.1002449989318848,-0.5054444670677185,0.0134580982849001,0.0,,,,0.0,0.0,,,,,0.6691054
1218,0.677263081073761,5.815740585327148,-0.5106613039970398,0.0188646856695413,0.0,,,,0.0,0.0,,,,,0.3736282
71,1.3505500555038452,5.3231024742126465,-0.5134068131446838,0.0070484769530594,0.0,,,,0.0,0.0,,,,,0.28533423
504,0.4468059539794922,2.134917974472046,-0.5199413299560547,0.016959398984909,0.0,,,,0.0,0.0,,,,,0.4133688
374,1.428410291671753,1.426417112350464,-0.5210577249526978,0.0096789887174963,0.0,,,,0.0,0.0,,,,,0.29930162
271,0.5271681547164917,7.623073577880859,-0.5222382545471191,0.0229972880333662,0.0,,,,1.0,1.0,65.0,65.0,1.0,1.0,0.36315265
483,1.83731746673584,1.930649995803833,-0.523481011390686,0.0074805133044719,0.0,,,,0.0,0.0,,,,,0.22414367
865,1.4205687046051023,0.9181607961654664,-0.5254601240158081,0.031100345775485,0.0,,,,0.0,0.0,,,,,0.35916194
1100,2.356917381286621,3.0598464012145996,-0.5263921022415161,0.0649849772453308,0.0,,,,3.0,5.0,61.4,25.0,1.0,1.0,0.19787163
414,0.6702225804328918,2.8364217281341553,-0.5289522409439087,0.0092258872464299,0.0,,,,0.0,0.0,,,,,0.3556701
505,-1.3638616800308228,2.628619909286499,-0.5290066599845886,0.0192063115537166,0.0,,,,0.0,0.0,,,,,0.75390756
4,0.680527925491333,4.943362236022949,-0.5299535393714905,0.0780669450759887,0.0,,,,0.0,0.0,,,,,0.34685734
1021,1.16298246383667,6.377730369567871,-0.5315456986427307,0.0104113398119807,0.0,,,,8.0,10.0,32.5,7.0,1.0,1.0,0.29531094
870,-0.498778373003006,1.130766749382019,-0.534405529499054,0.0462024062871933,0.0,,,,0.0,0.0,,,,,0.60724974
951,2.292447805404663,0.7677014470100403,-0.5344502925872803,0.0156497079879045,0.0,,,,0.0,0.0,,,,,0.31559694
1199,0.2615839540958404,1.3399574756622314,-0.5351089835166931,0.0860742330551147,0.0,,,,9.0,21.0,55.714285714285715,3.0,1.0,1.0,0.4750582
457,0.2404296100139618,2.4630157947540283,-0.5351650714874268,0.0066694016568362,0.0,,,,0.0,0.0,,,,,0.43116063
668,2.224970579147339,1.0698163509368896,-0.5379670262336731,0.0112862437963485,0.0,,,,0.0,0.0,,,,,0.2916528
75,1.0045628547668457,3.891610860824585,-0.5390058755874634,0.0072231283411383,0.0,,,,0.0,0.0,,,,,0.30927834
55,3.7278547286987305,0.5109049677848816,-0.5396396517753601,0.0221203006803989,0.0,,,,0.0,0.0,,,,,0.26338544
614,0.5187842845916748,2.8744962215423584,-0.5415019392967224,0.0249595791101455,0.0,,,,0.0,0.0,,,,,0.37861657
834,0.9814049601554872,4.085474967956543,-0.5428058505058289,0.0255073085427284,0.0,,,,0.0,0.0,,,,,0.29597604
502,2.8384602069854736,0.8742449283599854,-0.5444991588592529,0.0189790613949298,0.0,,,,0.0,0.0,,,,,0.26072496
506,0.2099667191505432,4.095199108123779,-0.5447259545326233,0.0060568186454474,0.0,,,,0.0,0.0,,,,,0.45211175
387,0.164276972413063,1.2722095251083374,-0.5458694696426392,0.0140906479209661,0.0,,,,0.0,0.0,,,,,0.46441635
97,0.8869799971580505,1.745908498764038,-0.5479331612586975,0.0079024527221918,0.0,,,,0.0,0.0,,,,,0.3628201
680,0.7920078635215759,4.625232696533203,-0.5493066906929016,0.0136922849342226,0.0,,,,0.0,0.0,,,,,0.34901896
1189,0.541155993938446,4.325033664703369,-0.5504982471466064,0.0073129306547343,0.0,,,,0.0,0.0,,,,,0.37312937
196,0.5500365495681763,5.738276958465576,-0.552123486995697,0.0201309099793434,0.0,,,,0.0,0.0,,,,,0.36215496
538,0.0455509051680564,2.680694580078125,-0.5544578433036804,0.0072499406524002,0.0,,,,0.0,0.0,,,,,0.49035585
687,-0.3480469584465027,2.083529472351074,-0.5559238195419312,0.0124951647594571,0.0,,,,0.0,0.0,,,,,0.5764882
240,-0.2726565599441528,1.6367368698120115,-0.5559378266334534,0.0325466878712177,0.0,,,,0.0,0.0,,,,,0.5520452
544,0.786863386631012,3.48880386352539,-0.5592207312583923,0.0105626974254846,0.0,,,,0.0,0.0,,,,,0.33904225
689,0.2363088428974151,3.1858949661254883,-0.5600916147232056,0.0090554738417267,0.0,,,,0.0,0.0,,,,,0.43747923
1274,-0.5443417429924011,1.20263934135437,-0.5605495572090149,0.0135453874245285,0.0,,,,0.0,0.0,,,,,0.6178916
704,-0.3626187145709991,2.1124281883239746,-0.5672554969787598,0.0146993575617671,0.0,,,,0.0,0.0,,,,,0.5741603
35,2.96171236038208,0.4551557302474975,-0.5684274435043335,0.0211887527257204,0.0,,,,0.0,0.0,,,,,0.30562022
713,1.2551153898239136,1.4364575147628784,-0.5693665742874146,0.0121617699041962,0.0,,,,0.0,0.0,,,,,0.29664117
1125,1.8447500467300415,1.5852065086364746,-0.5702941417694092,0.0065651857294142,0.0,,,,0.0,0.0,,,,,0.25407383
488,1.237188458442688,5.7461442947387695,-0.571011483669281,0.0086628925055265,0.0,,,,1.0,1.0,50.0,50.0,1.0,1.0,0.29614234
434,0.8251886963844299,3.1501317024230957,-0.5770902037620544,0.0127351721748709,0.0,,,,0.0,0.0,,,,,0.32258064
105,0.9291554689407348,2.436110019683838,-0.5830069184303284,0.0074544842354953,0.0,,,,0.0,0.0,,,,,0.32707018
378,2.2349853515625,0.9661038517951964,-0.5925330519676208,0.0170014090836048,0.0,,,,0.0,0.0,,,,,0.26637846
215,0.8054574728012085,4.056918621063232,-0.5933774709701538,0.0106975212693214,0.0,,,,0.0,0.0,,,,,0.33056203
762,2.117159605026245,1.4001649618148804,-0.5938765406608582,0.0084985001012682,0.0,,,,0.0,0.0,,,,,0.22713669
779,0.1641365438699722,1.5049704313278198,-0.5970298051834106,0.0234106499701738,0.0,,,,0.0,0.0,,,,,0.4953442
441,0.7652300596237183,1.857826232910156,-0.6063278913497925,0.0079908287152647,0.0,,,,0.0,0.0,,,,,0.35433987
268,0.0981477126479148,2.847747802734375,-0.6100640296936035,0.012254231609404,0.0,,,,0.0,0.0,,,,,0.47389424
815,0.3619618713855743,2.302422285079956,-0.6176373362541199,0.0091473897919058,0.0,,,,0.0,0.0,,,,,0.42018622
649,0.7074410319328308,3.466057062149048,-0.6235551238059998,0.0096563482657074,0.0,,,,0.0,0.0,,,,,0.36148986
403,2.62473201751709,1.5535765886306765,-0.6271183490753174,0.009546116925776,0.0,,,,0.0,0.0,,,,,0.19920187
1282,1.4223076105117798,1.835072636604309,-0.6282818913459778,0.0104240318760275,0.0,,,,0.0,0.0,,,,,0.27519122
968,0.7002881169319153,5.554365158081055,-0.6315504312515259,0.0250538550317287,0.0,,,,0.0,0.0,,,,,0.33870968
98,1.1522612571716309,4.77703857421875,-0.6395320892333984,0.0384592600166797,0.0,,,,0.0,0.0,,,,,0.27253076
595,-0.0688678175210952,2.6889803409576416,-0.6402804255485535,0.0115991989150643,0.0,,,,0.0,0.0,,,,,0.50249416
1264,1.0236495733261108,2.9331369400024414,-0.6412202715873718,0.0076124011538922,0.0,,,,0.0,0.0,,,,,0.3059528
352,2.0835702419281006,2.255248546600342,-0.6469278335571289,0.0112061584368348,0.0,,,,0.0,0.0,,,,,0.20468906
418,0.8897037506103516,2.50097393989563,-0.6527557373046875,0.0074701439589262,0.0,,,,0.0,0.0,,,,,0.32623878
273,2.769721269607544,4.947702407836914,-0.6595868468284607,0.0209576208144426,0.0,,,,13.0,24.0,43.708333333333336,1.0,1.0,1.0,0.17509146
1000,0.9554968476295472,3.458123207092285,-0.6603164672851562,0.0085763903334736,0.0,,,,0.0,0.0,,,,,0.32590622
1252,1.2821261882781982,5.179795742034912,-0.6644631028175354,0.0387992039322853,0.0,,,,3.0,4.0,51.25,34.0,1.0,1.0,0.26371798
42,-1.7094026803970337,2.680335283279419,-0.666541576385498,0.0313995964825153,0.0,,,,0.0,0.0,,,,,0.80861324
8,0.0524704605340957,0.9302347898483276,-0.6830323338508606,0.0160015169531106,0.0,,,,0.0,0.0,,,,,0.5031593
1025,0.69730544090271,4.463419437408447,-0.6871430277824402,0.011778425425291,0.0,,,,0.0,0.0,,,,,0.33887595
576,0.8896071910858154,2.2939395904541016,-0.6895784735679626,0.0146234324201941,0.0,,,,0.0,0.0,,,,,0.340705
715,0.389714628458023,3.452864408493042,-0.6896737813949585,0.0089116068556904,0.0,,,,0.0,0.0,,,,,0.39374793
28,0.5431743264198303,4.302236080169678,-0.6906163692474365,0.0085924733430147,0.0,,,,0.0,0.0,,,,,0.34818757
673,0.5784214735031128,3.1438472270965576,-0.6934555172920227,0.0073190806433558,0.0,,,,0.0,0.0,,,,,0.35999334
514,-0.3185034096240997,1.951533317565918,-0.6971685886383057,0.0282717365771532,0.0,,,,0.0,0.0,,,,,0.5450615
963,2.4604790210723877,3.656278610229492,-0.6985344290733337,0.0095990970730781,0.0,,,,0.0,0.0,,,,,0.1637845
1214,2.0251636505126953,1.3168214559555054,-0.700009286403656,0.0083045987412333,0.0,,,,0.0,0.0,,,,,0.22946458
498,1.993353486061096,1.7702230215072632,-0.7022417783737183,0.0079435277730226,0.0,,,,0.0,0.0,,,,,0.20502162
270,1.6415188312530518,1.9712891578674316,-0.7030736207962036,0.0062915179878473,0.0,,,,0.0,0.0,,,,,0.2324576
439,0.866646409034729,6.260186195373535,-0.704453706741333,0.0083452044054865,0.0,,,,0.0,0.0,,,,,0.3167609
603,1.300237059593201,3.0688259601593018,-0.7067524790763855,0.0138389309868216,0.0,,,,0.0,0.0,,,,,0.26571333
581,-0.8079825043678284,1.8287054300308228,-0.7076072096824646,0.0115671688690781,0.0,,,,0.0,0.0,,,,,0.65547055
821,1.060175538063049,2.50054669380188,-0.7153880596160889,0.0145125724375247,0.0,,,,0.0,0.0,,,,,0.29132026
261,0.7246092557907104,1.91666579246521,-0.7197699546813965,0.0081488108262419,0.0,,,,0.0,0.0,,,,,0.35749918
347,-0.1849578619003296,3.0022196769714355,-0.720905601978302,0.006743574514985,0.0,,,,0.0,0.0,,,,,0.5414034
927,2.2855348587036133,1.2073216438293457,-0.7320340275764465,0.0106941256672143,0.0,,,,0.0,0.0,,,,,0.22081809
672,1.0016981363296509,6.641228675842285,-0.7330953478813171,0.0191921480000019,0.0,,,,1.0,1.0,10.0,10.0,1.0,1.0,0.28134352
807,1.772919535636902,1.5413192510604858,-0.7386510968208313,0.0122237484902143,0.0,,,,0.0,0.0,,,,,0.236282
967,0.757499098777771,1.9166239500045776,-0.7415050864219666,0.019181178882718,0.0,,,,0.0,0.0,,,,,0.35550383
943,1.4691591262817385,4.224511623382568,-0.7442871332168579,0.0119024543091654,0.0,,,,0.0,0.0,,,,,0.2402727
549,2.067965030670166,2.095674991607666,-0.7447470426559448,0.0087615121155977,0.0,,,,0.0,0.0,,,,,0.19803791
198,-0.4870021641254425,1.5477287769317627,-0.7452093958854675,0.050577376037836,0.0,,,,0.0,0.0,,,,,0.56651145
609,1.5590816736221311,2.91005539894104,-0.7489665746688843,0.0107771372422575,0.0,,,,0.0,0.0,,,,,0.22115065
322,2.484013557434082,1.5872409343719482,-0.7512173652648926,0.0115491421893239,0.0,,,,0.0,0.0,,,,,0.19471234
1236,0.3780980110168457,2.998051881790161,-0.7555962204933167,0.0083719417452812,0.0,,,,0.0,0.0,,,,,0.41935483
535,0.9000548124313354,6.159005641937256,-0.7609515190124512,0.0180216059088706,0.0,,,,0.0,0.0,,,,,0.30362487
429,3.869581460952759,0.5049380660057068,-0.7646574378013611,0.0250083357095718,0.0,,,,0.0,0.0,,,,,0.25241104
427,2.965331792831421,0.8847535848617554,-0.765190064907074,0.0129455886781215,0.0,,,,0.0,0.0,,,,,0.2153309
788,0.4992267787456512,4.9616193771362305,-0.7669007182121277,0.0082423128187656,0.0,,,,0.0,0.0,,,,,0.37712005
493,-0.27680504322052,2.778031826019287,-0.7673822045326233,0.0135041447356343,0.0,,,,0.0,0.0,,,,,0.5460592
774,1.469330906867981,0.7246420383453369,-0.7682558298110962,0.0187658332288265,0.0,,,,0.0,0.0,,,,,0.36597937
1305,-0.0678044930100441,1.129406452178955,-0.7682766914367676,0.0208987053483724,0.0,,,,0.0,0.0,,,,,0.5299302
744,0.8927828073501587,1.7765822410583496,-0.7688960433006287,0.0185705311596393,0.0,,,,0.0,0.0,,,,,0.32490855
637,2.5588507652282715,6.035612106323242,-0.7758786678314209,0.0305364355444908,0.0,,,,20.0,104.0,49.35576923076923,1.0,1.0,1.0,0.1646159
625,2.4360969066619873,3.673069715499878,-0.776455819606781,0.0130463372915983,0.0,,,,0.0,0.0,,,,,0.18573329
933,1.4038420915603638,1.6445791721343994,-0.7803359031677246,0.0077950796112418,0.0,,,,0.0,0.0,,,,,0.27785167
1040,0.606050968170166,5.820252895355225,-0.7880162000656128,0.0088332705199718,0.0,,,,0.0,0.0,,,,,0.35932824
709,0.6732280850410461,1.6895928382873535,-0.7905354499816895,0.0171627961099147,0.0,,,,0.0,0.0,,,,,0.34519455
110,1.0293620824813845,6.06669282913208,-0.7977213859558105,0.01559654250741,0.0,,,,0.0,0.0,,,,,0.26155636
487,2.0008411407470703,1.871145725250244,-0.7984569668769836,0.0086813969537615,0.0,,,,0.0,0.0,,,,,0.19853675
72,-0.1209658831357956,1.6332581043243408,-0.8004294037818909,0.0123719274997711,0.0,,,,0.0,0.0,,,,,0.50282675
1217,0.8660986423492432,4.215420722961426,-0.802372932434082,0.0093930512666702,0.0,,,,0.0,0.0,,,,,0.30944464
527,-0.1670565158128738,1.6979295015335083,-0.8056293725967407,0.0142155960202217,0.0,,,,0.0,0.0,,,,,0.52527434
373,0.2398577034473419,1.2309579849243164,-0.8062178492546082,0.0149015747010707,0.0,,,,0.0,0.0,,,,,0.47472563
1077,0.1469034850597381,1.373217225074768,-0.8157141208648682,0.013743438757956,0.0,,,,0.0,0.0,,,,,0.4642501
192,1.9405694007873535,1.5158259868621826,-0.8220748901367188,0.0091875847429037,0.0,,,,0.0,0.0,,,,,0.2286332
556,2.5339155197143555,6.4686760902404785,-0.8238171935081482,0.0261323396116495,0.0,,,,18.0,58.0,49.12068965517241,1.0,1.0,1.0,0.14216827
755,2.5619494915008545,4.8471999168396,-0.8261748552322388,0.0271110404282808,0.0,,,,7.0,11.0,51.0,4.0,1.0,1.0,0.15347522
751,0.7845993041992188,4.48832368850708,-0.8320043087005615,0.0124235227704048,0.0,,,,0.0,0.0,,,,,0.32258064
1133,0.7733161449432373,7.366797924041748,-0.8352969288825989,0.0096753370016813,0.0,,,,3.0,3.0,33.333333333333336,14.0,1.0,1.0,0.31626207
897,1.1051554679870603,5.694798469543457,-0.8362137079238892,0.0113762710243463,0.0,,,,7.0,7.0,62.42857142857143,31.0,1.0,1.0,0.26022613
724,0.8558604717254639,3.911895513534546,-0.8362600207328796,0.0113560380414128,0.0,,,,0.0,0.0,,,,,0.3079481
891,-0.2993337512016296,1.474540948867798,-0.8369632959365845,0.0299449171870946,0.0,,,,0.0,0.0,,,,,0.5442301
1007,-0.0748175308108329,1.341890573501587,-0.8374289870262146,0.0098389983177185,0.0,,,,0.0,0.0,,,,,0.47406054
1168,0.3587750792503357,1.509902834892273,-0.8393153548240662,0.0161597542464733,0.0,,,,0.0,0.0,,,,,0.4625873
959,2.488743782043457,5.662425994873047,-0.8430207967758179,0.0101949414238333,0.0,,,,8.0,11.0,48.63636363636363,6.0,1.0,1.0,0.14915198
530,0.7944375276565552,1.2893317937850952,-0.8443737626075745,0.0108043840155005,0.0,,,,0.0,0.0,,,,,0.35267708
1020,1.0040128231048584,4.643277645111084,-0.8484367728233337,0.0079800179228186,0.0,,,,0.0,0.0,,,,,0.30545393
1155,-0.0683540701866149,2.7585573196411133,-0.8485580682754517,0.0050644823350012,0.0,,,,0.0,0.0,,,,,0.48187563
980,1.990400314331055,0.3928066790103912,-0.8489507436752319,0.0281650703400373,0.0,,,,0.0,0.0,,,,,0.41320252
1143,0.6667922735214233,2.1029305458068848,-0.850135862827301,0.0078910691663622,0.0,,,,0.0,0.0,,,,,0.36148986
1238,-1.176227569580078,1.9626505374908447,-0.8518794178962708,0.0105821648612618,0.0,,,,0.0,0.0,,,,,0.73046225
454,1.286240577697754,2.6645233631134033,-0.8532455563545227,0.009789383970201,0.0,,,,0.0,0.0,,,,,0.24542734
601,-0.2431393414735794,1.3758080005645752,-0.8547474145889282,0.0139944842085242,0.0,,,,0.0,0.0,,,,,0.5450615
860,0.491077184677124,2.021296739578247,-0.8549758195877075,0.0164461936801671,0.0,,,,0.0,0.0,,,,,0.38593283
325,2.47363805770874,1.924780249595642,-0.8614462018013,0.0160622652620077,0.0,,,,0.0,0.0,,,,,0.15563685
1148,1.0352758169174194,2.5465962886810303,-0.8621589541435242,0.0074317557737231,0.0,,,,0.0,0.0,,,,,0.2918191
1015,0.0512798205018043,1.8243438005447388,-0.8651512265205383,0.0099364044144749,0.0,,,,0.0,0.0,,,,,0.46541405
312,1.624098777770996,1.2866277694702148,-0.8661763668060303,0.010405333712697,0.0,,,,0.0,0.0,,,,,0.2573994
947,-0.0472632013261318,1.5768439769744873,-0.8666064739227295,0.028563767671585,0.0,,,,0.0,0.0,,,,,0.4983372
582,-0.0704275742173194,2.146801233291626,-0.8666885495185852,0.0129987113177776,0.0,,,,0.0,0.0,,,,,0.49118724
57,1.8505780696868896,1.268328070640564,-0.8695952892303467,0.0092186816036701,0.0,,,,0.0,0.0,,,,,0.22680412
1306,0.3659840524196625,2.162320852279663,-0.8719589114189148,0.0106457285583019,0.0,,,,0.0,0.0,,,,,0.40838045
732,0.8349716067314148,3.173105239868164,-0.872348427772522,0.0062625985592603,0.0,,,,0.0,0.0,,,,,0.31060857
1082,0.9946289658546448,2.801950216293335,-0.8760123252868652,0.0073057478293776,0.0,,,,0.0,0.0,,,,,0.29414698
199,0.7596473097801208,2.8056623935699463,-0.8778163194656372,0.0068244785070419,0.0,,,,0.0,0.0,,,,,0.32640505
1018,-0.5298151969909668,1.1351966857910156,-0.8817720413208008,0.0150996427983045,0.0,,,,0.0,0.0,,,,,0.5714998
665,1.531498908996582,1.7913923263549805,-0.8833901882171631,0.007557101547718,0.0,,,,0.0,0.0,,,,,0.25141338
615,1.1763972043991089,2.2335686683654785,-0.8835133910179138,0.0089671798050403,0.0,,,,0.0,0.0,,,,,0.28732955
250,-0.1710474044084549,1.4376620054244995,-0.8859943747520447,0.0154741033911705,0.0,,,,0.0,0.0,,,,,0.50715
841,0.1617936044931411,2.036280870437622,-0.8875100612640381,0.0560119561851024,0.0,,,,1.0,1.0,99.0,99.0,1.0,1.0,0.44629198
161,2.6130218505859375,5.848323345184326,-0.8934985995292664,0.0764174461364746,0.0,,,,21.0,70.0,50.18571428571428,2.0,1.0,1.0,0.16012637
1083,0.6645402908325195,1.5709201097488403,-0.8966755867004395,0.0089800674468278,0.0,,,,0.0,0.0,,,,,0.36681077
1042,1.390584945678711,1.78721022605896,-0.8972548246383667,0.0144366603344678,0.0,,,,0.0,0.0,,,,,0.2683738
579,1.462594509124756,4.320508003234863,-0.898645281791687,0.0096764517948031,0.0,,,,0.0,0.0,,,,,0.20834719
56,1.3587136268615725,1.8989578485488892,-0.899760901927948,0.0116172907873988,0.0,,,,0.0,0.0,,,,,0.27253076
965,0.5207499265670776,5.493386745452881,-0.8999572396278381,0.0205625426024198,0.0,,,,1.0,1.0,21.0,21.0,1.0,1.0,0.34103757
319,-0.0677022561430931,1.0986549854278564,-0.9000728130340576,0.020662285387516,0.0,,,,0.0,0.0,,,,,0.5108081
1057,0.7138069272041321,1.486994385719299,-0.901071310043335,0.0078061842359602,0.0,,,,0.0,0.0,,,,,0.36365148
1098,0.7252394556999207,3.907163619995117,-0.9029586911201476,0.0085323862731456,0.0,,,,0.0,0.0,,,,,0.31875622
67,0.3317990005016327,3.5905137062072754,-0.90309077501297,0.0081024738028645,0.0,,,,0.0,0.0,,,,,0.3969072
1259,2.5426676273345947,6.34070348739624,-0.9051219820976256,0.0160138346254825,0.0,,,,20.0,60.0,50.5,3.0,1.0,1.0,0.16178916
714,0.2274409383535385,2.5647294521331787,-0.9054799675941468,0.0080953268334269,0.0,,,,0.0,0.0,,,,,0.44612572
645,-0.6888752579689026,1.301799774169922,-0.9076918363571168,0.0137852020561695,0.0,,,,0.0,0.0,,,,,0.64299965
303,0.5695285201072693,4.512136459350586,-0.9146105051040648,0.0064888908527791,0.0,,,,0.0,0.0,,,,,0.35068175
731,3.0715670585632324,0.8605155944824219,-0.9166502952575684,0.0109160440042614,0.0,,,,0.0,0.0,,,,,0.19354838
1192,0.5773842334747314,3.189908742904663,-0.9181963205337524,0.0141036845743656,0.0,,,,0.0,0.0,,,,,0.3628201
1110,0.8915262222290039,4.449291229248047,-0.918366551399231,0.019645569846034,0.0,,,,0.0,0.0,,,,,0.2838377
1149,0.2021885961294174,2.3758161067962646,-0.9210280179977416,0.0082765165716409,0.0,,,,0.0,0.0,,,,,0.43465248
958,1.1699756383895874,3.7937190532684326,-0.9246810674667358,0.0095340823754668,0.0,,,,0.0,0.0,,,,,0.2572331
354,-0.2611651718616485,1.9645413160324097,-0.9261463284492492,0.0186097528785467,0.0,,,,0.0,0.0,,,,,0.5425674
971,0.9838706254959106,5.1883158683776855,-0.9405962824821472,0.0116132404655218,0.0,,,,1.0,1.0,20.0,20.0,1.0,1.0,0.27884936
881,1.1447547674179075,1.853664517402649,-0.9406684041023254,0.0091313477605581,0.0,,,,0.0,0.0,,,,,0.27020285
931,1.0136033296585083,6.429466724395752,-0.9432706236839294,0.0112568503245711,0.0,,,,6.0,7.0,47.57142857142857,1.0,1.0,1.0,0.27186564
858,1.6062949895858765,1.3277931213378906,-0.9432867765426636,0.0193091910332441,0.0,,,,0.0,0.0,,,,,0.26820752
1313,2.557420015335083,6.47798490524292,-0.9505977034568788,0.0663916170597076,0.0,,,,20.0,66.0,48.77272727272727,1.0,1.0,1.0,0.14682408
823,2.569282054901123,2.275712013244629,-0.9509465098381042,0.0169579200446605,0.0,,,,1.0,1.0,42.0,42.0,1.0,1.0,0.15563685
913,2.498915195465088,5.562283992767334,-0.9593266844749452,0.0160193964838981,0.0,,,,16.0,31.0,46.483870967741936,4.0,1.0,1.0,0.15463917
36,0.6500809788703918,6.575299263000488,-0.9596306085586548,0.0066057508811354,0.0,,,,0.0,0.0,,,,,0.327569
1126,1.2605268955230713,3.118687629699707,-0.9605270624160768,0.0124747883528471,0.0,,,,0.0,0.0,,,,,0.23545061
560,0.6211601495742798,6.107387542724609,-0.9606879353523254,0.0110510345548391,0.0,,,,0.0,0.0,,,,,0.33505154
916,1.126362681388855,2.0697522163391113,-0.9622727632522584,0.0111885713413357,0.0,,,,0.0,0.0,,,,,0.29830396
256,0.737869143486023,6.657004356384277,-0.9663095474243164,0.0097863255068659,0.0,,,,0.0,0.0,,,,,0.30744928
142,1.078376054763794,4.08734655380249,-0.9663544297218324,0.0218596197664737,0.0,,,,0.0,0.0,,,,,0.25573662
1103,0.9283559918403624,5.732003688812256,-0.9663785099983216,0.0156408455222845,0.0,,,,2.0,2.0,55.5,39.0,1.0,1.0,0.2918191
85,-1.8242751359939575,2.117220401763916,-0.9669339060783386,0.0240928512066602,0.0,,,,0.0,0.0,,,,,0.82125044
811,1.219350814819336,1.1736382246017456,-0.9674116373062134,0.0109652997925877,0.0,,,,0.0,0.0,,,,,0.3463585
671,0.9848928451538086,2.041815996170044,-0.969591498374939,0.0101985512301325,0.0,,,,0.0,0.0,,,,,0.29298303
524,0.5701956748962402,1.5328155755996704,-0.9702282547950744,0.0115965204313397,0.0,,,,0.0,0.0,,,,,0.3907549
76,2.219083786010742,1.4828795194625854,-0.9712541699409484,0.0127124525606632,0.0,,,,0.0,0.0,,,,,0.17775191
904,0.8443016409873962,0.7540954947471619,-0.9744457602500916,0.0250267069786787,0.0,,,,0.0,0.0,,,,,0.41386765
31,0.7618468999862671,4.511958122253418,-0.9754245281219482,0.0079577211290597,0.0,,,,0.0,0.0,,,,,0.29497838
809,0.2362103760242462,1.9368149042129517,-0.9756127595901488,0.020850608125329,0.0,,,,7.0,9.0,46.333333333333336,10.0,1.0,1.0,0.44529432
986,4.300250053405762,0.3295176029205322,-0.9781093001365662,0.0477123409509658,0.0,,,,0.0,0.0,,,,,0.29664117
348,0.0646430179476738,2.0535888671875,-0.9813043475151062,0.0176799390465021,0.0,,,,0.0,0.0,,,,,0.44562688
30,0.6667376160621643,2.375664234161377,-0.9825513958930968,0.0081736603751778,0.0,,,,0.0,0.0,,,,,0.35533756
831,2.459731101989746,1.213215470314026,-0.9878411889076232,0.0098196137696504,0.0,,,,0.0,0.0,,,,,0.18689723
886,2.473062515258789,3.3647735118865967,-0.9920624494552612,0.0148691516369581,0.0,,,,7.0,11.0,34.90909090909091,2.0,1.0,1.0,0.14499502
730,1.0837786197662354,2.4535183906555176,-0.9924843907356262,0.0085244067013263,0.0,,,,0.0,0.0,,,,,0.27751914
89,2.5654544830322266,6.444942474365234,-0.992912232875824,0.0133891515433788,0.0,,,,20.0,59.0,44.83050847457627,1.0,1.0,1.0,0.14466245
422,1.551863193511963,1.1691373586654663,-1.009702444076538,0.0165438018739223,0.0,,,,0.0,0.0,,,,,0.27352843
855,-0.8195507526397705,2.1120944023132324,-1.0240037441253662,0.0154252694919705,0.0,,,,0.0,0.0,,,,,0.66960424
1027,0.7666888236999512,5.991898059844971,-1.0356988906860352,0.0348127745091915,0.0,,,,3.0,3.0,45.666666666666664,15.0,1.0,1.0,0.31193882
281,0.6294689774513245,1.6921509504318235,-1.038218975067139,0.014237287454307,0.0,,,,0.0,0.0,,,,,0.34452942
1265,1.0983303785324097,1.723570466041565,-1.040199875831604,0.0237918924540281,0.0,,,,0.0,0.0,,,,,0.32075158
554,0.7150235772132874,7.331533908843994,-1.0406434535980225,0.0227237064391374,0.0,,,,1.0,1.0,37.0,37.0,1.0,1.0,0.31310275
166,0.0663343071937561,1.73326575756073,-1.0436829328536987,0.0527805499732494,0.0,,,,10.0,59.0,52.71186440677966,7.0,1.0,1.0,0.45992684
482,-0.6461362242698669,1.6661399602890017,-1.0460333824157717,0.0341556891798973,0.0,,,,0.0,0.0,,,,,0.57731956
698,0.8232836127281189,4.232758522033691,-1.0471763610839844,0.0100278845056891,0.0,,,,0.0,0.0,,,,,0.27203193
962,1.2139523029327393,1.8799822330474856,-1.0585113763809204,0.0137357367202639,0.0,,,,0.0,0.0,,,,,0.27735284
124,-1.4429806470870972,2.221909999847412,-1.0618723630905151,0.0143329137936234,0.0,,,,0.0,0.0,,,,,0.74975055
32,1.1227158308029177,7.235759735107422,-1.0639241933822632,0.0139662651345133,0.0,,,,3.0,3.0,69.0,19.0,1.0,1.0,0.26471567
180,1.7261496782302856,1.8943696022033691,-1.066164255142212,0.0082853231579065,0.0,,,,0.0,0.0,,,,,0.21799135
279,1.8021231889724731,2.0596954822540283,-1.0666621923446655,0.0156023046001791,0.0,,,,0.0,0.0,,,,,0.18423678
901,1.9673957824707031,1.7200547456741333,-1.0679669380187988,0.0062616518698632,0.0,,,,0.0,0.0,,,,,0.17841703
313,0.4100081622600555,3.3938605785369873,-1.0710432529449463,0.0070415227673947,0.0,,,,0.0,0.0,,,,,0.35217825
722,1.6896933317184448,2.3629205226898193,-1.0756103992462158,0.0100227827206254,0.0,,,,0.0,0.0,,,,,0.18689723
123,0.4989422261714935,1.1646116971969604,-1.084985375404358,0.062320776283741,0.0,,,,0.0,0.0,,,,,0.41619554
1281,0.3981240093708038,1.1131576299667358,-1.087883234024048,0.0117182191461324,0.0,,,,0.0,0.0,,,,,0.42317924
175,-1.0869134664535522,1.9475886821746824,-1.0884089469909668,0.0145527124404907,0.0,,,,0.0,0.0,,,,,0.69837046
1288,0.8493838310241699,7.420811653137207,-1.0922895669937134,0.0096965506672859,0.0,,,,2.0,2.0,38.0,21.0,1.0,1.0,0.28417027
940,1.701040267944336,4.572788238525391,-1.09432053565979,0.0184957403689622,0.0,,,,0.0,0.0,,,,,0.18689723
626,0.8383486270904541,2.537620782852173,-1.095637559890747,0.0082535538822412,0.0,,,,0.0,0.0,,,,,0.3089458
657,-0.6236067414283752,1.5531727075576782,-1.0977166891098022,0.0237256754189729,0.0,,,,0.0,0.0,,,,,0.5891254
1246,0.7931731939315796,1.7012704610824585,-1.1006476879119873,0.0086797187104821,0.0,,,,0.0,0.0,,,,,0.31110743
752,0.3234716057777405,1.8811936378479004,-1.1020463705062866,0.0286470279097557,0.0,,,,0.0,0.0,,,,,0.41868973
905,1.790912389755249,2.053382873535156,-1.1084154844284058,0.0075349644757807,0.0,,,,0.0,0.0,,,,,0.17874959
955,1.3205089569091797,1.638479709625244,-1.1185458898544312,0.0078436527401208,0.0,,,,0.0,0.0,,,,,0.26255405
54,1.264116883277893,1.8996657133102417,-1.121589183807373,0.0081521915271878,0.0,,,,0.0,0.0,,,,,0.26022613
359,0.4173059463500976,3.0794601440429688,-1.1243056058883667,0.0092857889831066,0.0,,,,0.0,0.0,,,,,0.3525108
437,0.9300636053085328,0.8071978688240051,-1.1259466409683228,0.1348473876714706,0.0,,,,0.0,0.0,,,,,0.3566678
769,1.1471487283706665,3.1844027042388916,-1.1340183019638062,0.010560474358499,0.0,,,,0.0,0.0,,,,,0.24842036
287,1.5591951608657837,3.6377904415130615,-1.13493812084198,0.0165052264928817,0.0,,,,0.0,0.0,,,,,0.18972398
185,1.5293315649032593,1.2364643812179563,-1.1351643800735474,0.0200502704828977,0.0,,,,0.0,0.0,,,,,0.23511806
817,0.7643200755119324,1.6532665491104126,-1.135941982269287,0.0117589104920625,0.0,,,,0.0,0.0,,,,,0.35051546
370,1.57722270488739,6.761935234069824,-1.141309142112732,0.026265513151884,0.0,,,,4.0,4.0,49.5,11.0,1.0,1.0,0.16627869
998,2.5568227767944336,1.0346475839614868,-1.1415739059448242,0.0166080221533775,0.0,,,,0.0,0.0,,,,,0.18157633
1013,0.6746494174003601,1.8379247188568115,-1.1452739238739014,0.0376862362027168,0.0,,,,0.0,0.0,,,,,0.34053874
1009,1.1852844953536987,1.9113092422485352,-1.1479116678237915,0.0075137773528695,0.0,,,,0.0,0.0,,,,,0.26039243
44,-1.6777280569076538,2.028684377670288,-1.148279905319214,0.0186345074325799,0.0,,,,0.0,0.0,,,,,0.79431325
669,2.490316390991211,1.6700469255447388,-1.1491355895996094,0.014609326608479,0.0,,,,0.0,0.0,,,,,0.1582973
258,1.1407102346420288,1.104075312614441,-1.1500449180603027,0.0168948955833911,0.0,,,,0.0,0.0,,,,,0.29980046
548,1.1704418659210205,6.851839542388916,-1.152016043663025,0.0523236282169818,0.0,,,,10.0,14.0,50.92857142857143,1.0,1.0,1.0,0.22480878
1089,2.4732933044433594,0.97962486743927,-1.1585185527801514,0.0184356700628995,0.0,,,,0.0,0.0,,,,,0.2121716
1037,2.518907308578491,6.496699333190918,-1.1600176095962524,0.0156999137252569,0.0,,,,21.0,58.0,49.310344827586206,4.0,1.0,1.0,0.11689392
1222,0.4276113510131836,3.415194034576416,-1.1651360988616943,0.009814279153943,0.0,,,,0.0,0.0,,,,,0.34985036
209,0.5514620542526245,1.146383285522461,-1.1668609380722046,0.0550155267119407,0.0,,,,8.0,17.0,61.94117647058823,22.0,1.0,1.0,0.36681077
853,1.2739113569259644,2.6250810623168945,-1.1686396598815918,0.0097943404689431,0.0,,,,0.0,0.0,,,,,0.24077153
225,0.3865163624286651,7.159536838531494,-1.1689050197601318,0.0101890685036778,0.0,,,,0.0,0.0,,,,,0.35517126
475,-1.080085515975952,1.9258726835250857,-1.171913743019104,0.0112970760092139,0.0,,,,0.0,0.0,,,,,0.68456936
503,2.557929039001465,6.236273765563965,-1.17316997051239,0.011368678882718,0.0,,,,15.0,23.0,45.91304347826087,7.0,1.0,1.0,0.120884605
545,0.6574811339378357,6.538093566894531,-1.1758934259414673,0.0096752913668751,0.0,,,,0.0,0.0,,,,,0.29747257
935,2.9355597496032715,0.9210779070854188,-1.179836392402649,0.0181679259985685,0.0,,,,0.0,0.0,,,,,0.19155304
135,0.7777650952339172,1.5934935808181765,-1.180356740951538,0.0205300841480493,0.0,,,,0.0,0.0,,,,,0.33671433
109,-1.4880385398864746,1.8735642433166504,-1.1871172189712524,0.0224520247429609,0.0,,,,0.0,0.0,,,,,0.7598936
1014,1.216142654418945,3.993348836898804,-1.1877988576889038,0.008691132068634,0.0,,,,0.0,0.0,,,,,0.21998669
987,1.1771289110183716,1.1293630599975586,-1.189802646636963,0.0134202092885971,0.0,,,,0.0,0.0,,,,,0.28150982
937,-0.7585904598236084,2.290122985839844,-1.1900084018707275,0.0196101982146501,0.0,,,,0.0,0.0,,,,,0.6365148
137,1.011920928955078,0.8586278557777405,-1.1923129558563232,0.0440374836325645,0.0,,,,0.0,0.0,,,,,0.3112737
501,-1.385654330253601,2.164527177810669,-1.1941813230514526,0.0133233796805143,0.0,,,,0.0,0.0,,,,,0.7474227
1106,0.730637788772583,4.157256603240967,-1.1943485736846924,0.0102257104590535,0.0,,,,0.0,0.0,,,,,0.28865978
275,1.0066076517105105,3.6636149883270264,-1.197698712348938,0.0149245169013738,0.0,,,,0.0,0.0,,,,,0.26089126
139,-0.9947168827056884,1.993372678756714,-1.2046656608581543,0.0105863446369767,0.0,,,,0.0,0.0,,,,,0.70701694
756,1.3896548748016355,3.76168155670166,-1.207434892654419,0.0087996060028672,0.0,,,,0.0,0.0,,,,,0.20069838
1017,0.939730703830719,2.94362211227417,-1.2192275524139404,0.0106514655053615,0.0,,,,0.0,0.0,,,,,0.25956103
956,2.3677921295166016,3.789515972137451,-1.2219810485839844,0.0095418626442551,0.0,,,,0.0,0.0,,,,,0.1162288
663,1.2721071243286133,1.865750432014465,-1.2220865488052368,0.0072146598249673,0.0,,,,0.0,0.0,,,,,0.23528434
1046,1.8614219427108765,1.6285938024520874,-1.2230817079544067,0.0169423706829547,0.0,,,,0.0,0.0,,,,,0.19155304
64,0.5413709878921509,2.605173110961914,-1.2249313592910769,0.0107734175398945,0.0,,,,0.0,0.0,,,,,0.3548387
262,-1.3864434957504272,2.33398175239563,-1.2272433042526243,0.0162663329392671,0.0,,,,0.0,0.0,,,,,0.7573994
259,0.2740761041641235,1.1716063022613523,-1.2291322946548462,0.0254171192646026,0.0,,,,0.0,0.0,,,,,0.4220153
290,2.545473098754883,6.610199451446533,-1.234714150428772,0.0099243465811014,0.0,,,,17.0,48.0,54.916666666666664,1.0,1.0,1.0,0.12703691
460,1.91502583026886,1.1515657901763916,-1.2354459762573242,0.0125688957050442,0.0,,,,0.0,0.0,,,,,0.19787163
184,2.839338779449463,0.8698734045028687,-1.2377514839172363,0.0120198531076312,0.0,,,,0.0,0.0,,,,,0.19787163
251,1.810532808303833,1.8247922658920288,-1.244122862815857,0.0107529470697045,0.0,,,,0.0,0.0,,,,,0.19870302
402,0.7265169620513916,2.622446060180664,-1.2462201118469238,0.0171697232872247,0.0,,,,0.0,0.0,,,,,0.31094113
289,-1.458403706550598,2.763094663619995,-1.247085452079773,0.0189494397491216,0.0,,,,0.0,0.0,,,,,0.77352846
255,-1.559782862663269,1.9573267698287964,-1.2493988275527954,0.0226971507072448,0.0,,,,0.0,0.0,,,,,0.7934819
949,0.3849479854106903,1.3377840518951416,-1.2656859159469604,0.0116856889799237,0.0,,,,0.0,0.0,,,,,0.44030595
52,0.9341524839401244,6.545660972595215,-1.2664029598236084,0.0091171124950051,0.0,,,,1.0,1.0,29.0,29.0,1.0,1.0,0.27535748
1022,0.7376552224159241,2.43221664428711,-1.2664220333099363,0.0153013886883854,0.0,,,,0.0,0.0,,,,,0.3167609
686,0.0607488565146923,3.081535816192627,-1.2682926654815674,0.009600194171071,0.0,,,,0.0,0.0,,,,,0.44878617
1145,2.90008282661438,1.0009900331497192,-1.2696768045425415,0.0162901189178228,0.0,,,,0.0,0.0,,,,,0.18573329
357,2.849252223968506,0.6511728167533875,-1.2731794118881226,0.0811033993959426,0.0,,,,0.0,0.0,,,,,0.2598936
863,-1.2159790992736816,1.47321879863739,-1.2732419967651367,0.0187277644872665,0.0,,,,0.0,0.0,,,,,0.69637513
662,0.7079342007637024,5.111600399017334,-1.2739142179489136,0.0161765404045581,0.0,,,,0.0,0.0,,,,,0.2884935
597,0.0556663051247596,1.716000199317932,-1.2791178226470947,0.0070823137648403,0.0,,,,0.0,0.0,,,,,0.43964085
1154,2.5775890350341797,6.5173444747924805,-1.2791229486465454,0.0226145815104246,0.0,,,,18.0,52.0,50.28846153846154,5.0,1.0,1.0,0.12121716
1277,1.282742619514465,2.65753436088562,-1.279450535774231,0.0097360536456108,0.0,,,,0.0,0.0,,,,,0.20385766
400,0.7141510844230652,3.230969190597534,-1.2798840999603271,0.0187561027705669,0.0,,,,0.0,0.0,,,,,0.2893249
407,0.4723607897758484,2.8805856704711914,-1.2810633182525637,0.0063943318091332,0.0,,,,0.0,0.0,,,,,0.36481544
5,0.8316591382026672,2.876091241836548,-1.283225655555725,0.0068287877365946,0.0,,,,0.0,0.0,,,,,0.26737612
1172,1.3710355758666992,1.678478717803955,-1.2890560626983645,0.0082630198448896,0.0,,,,0.0,0.0,,,,,0.21882275
866,0.0410586297512054,1.905667304992676,-1.2915033102035522,0.0115206157788634,0.0,,,,0.0,0.0,,,,,0.46042567
1130,1.3619825839996338,1.4489299058914185,-1.2916151285171509,0.0130083626136183,0.0,,,,0.0,0.0,,,,,0.24293315
541,0.4148989915847778,1.1588236093521118,-1.2916821241378784,0.021985538303852,0.0,,,,0.0,0.0,,,,,0.40688393
511,-1.4250234365463257,1.5195497274398804,-1.2930327653884888,0.0170258097350597,0.0,,,,0.0,0.0,,,,,0.7567343
101,1.14341938495636,1.9426525831222536,-1.2950618267059326,0.009250022470951,0.0,,,,0.0,0.0,,,,,0.26238775
573,0.2116140276193618,1.4827691316604614,-1.29738187789917,0.0190365277230739,0.0,,,,0.0,0.0,,,,,0.4017293
285,2.3946986198425293,1.5034509897232056,-1.2991729974746704,0.009096622467041,0.0,,,,0.0,0.0,,,,,0.15862986
1134,-1.2084364891052246,1.7048159837722778,-1.299527883529663,0.0164109207689762,0.0,,,,0.0,0.0,,,,,0.73594946
1303,-0.7703089118003845,1.3864351511001587,-1.303862690925598,0.0171683710068464,0.0,,,,0.0,0.0,,,,,0.62736946
1208,-0.8355478644371033,1.571629285812378,-1.3047531843185425,0.0233067031949758,0.0,,,,0.0,0.0,,,,,0.64832056
364,1.5468237400054932,2.9298410415649414,-1.3081445693969729,0.0074855289421975,0.0,,,,0.0,0.0,,,,,0.17775191
1309,1.0538623332977295,1.6940995454788208,-1.3120774030685425,0.0121314339339733,0.0,,,,0.0,0.0,,,,,0.31360158
449,-0.17845119535923,2.007952928543091,-1.312752604484558,0.0113859651610255,0.0,,,,0.0,0.0,,,,,0.4866977
415,0.7013310194015503,3.0050292015075684,-1.3133102655410769,0.0082604065537452,0.0,,,,0.0,0.0,,,,,0.31809112
295,3.9071896076202393,0.4288244545459747,-1.3144795894622805,0.0259443279355764,0.0,,,,0.0,0.0,,,,,0.21649484
236,2.358546733856201,3.4170048236846924,-1.3173110485076904,0.0136376814916729,0.0,,,,0.0,0.0,,,,,0.12387762
1295,0.7944009304046631,1.0994017124176023,-1.3195894956588743,0.0100858490914106,0.0,,,,0.0,0.0,,,,,0.33139342
243,-1.290468692779541,1.922906517982483,-1.3268704414367676,0.0456688553094863,0.0,,,,0.0,0.0,,,,,0.7326239
1006,-0.1263164579868316,3.158242464065552,-1.3338874578475952,0.0234076343476772,0.0,,,,0.0,0.0,,,,,0.50448954
296,0.3877549469470978,2.5727968215942383,-1.3375012874603271,0.0234675519168376,0.0,,,,0.0,0.0,,,,,0.35899568
533,0.133177250623703,2.535754680633545,-1.3404557704925537,0.0073497286066412,0.0,,,,0.0,0.0,,,,,0.41868973
720,1.371689796447754,1.283534049987793,-1.3458099365234375,0.0123139210045337,0.0,,,,0.0,0.0,,,,,0.24442966
191,0.9050633311271667,3.706547260284424,-1.3618574142456057,0.0114324549213051,0.0,,,,0.0,0.0,,,,,0.25756568
568,1.181354522705078,3.75581431388855,-1.3739532232284546,0.0080001410096883,0.0,,,,0.0,0.0,,,,,0.22713669
771,2.46433424949646,3.0710673332214355,-1.377458572387695,0.0115228155627846,0.0,,,,0.0,0.0,,,,,0.11589624
868,1.8829450607299805,1.3033500909805298,-1.3783079385757446,0.0105680208653211,0.0,,,,0.0,0.0,,,,,0.18390423
599,2.508639335632324,6.5009989738464355,-1.3814619779586792,0.0101986089721322,0.0,,,,21.0,60.0,58.38333333333333,4.0,1.0,1.0,0.12005321
1220,0.3492170870304107,2.0265469551086426,-1.3826462030410769,0.0256757326424121,0.0,,,,0.0,0.0,,,,,0.38975725
1048,2.28350830078125,1.5138837099075315,-1.3833141326904297,0.0107338102534413,0.0,,,,0.0,0.0,,,,,0.15929498
854,0.354180634021759,1.922203063964844,-1.384316086769104,0.0065549830906093,0.0,,,,0.0,0.0,,,,,0.36514798
631,1.118491291999817,6.473673343658447,-1.3908756971359253,0.0205123294144868,0.0,,,,13.0,21.0,49.23809523809524,1.0,1.0,1.0,0.22813435
659,1.7069554328918457,2.2761640548706055,-1.3953263759613037,0.0108732981607317,0.0,,,,0.0,0.0,,,,,0.16345194
878,1.6202046871185305,2.369140625,-1.4044376611709597,0.008497298695147,0.0,,,,0.0,0.0,,,,,0.17891586
520,0.9746933579444884,3.032301664352417,-1.4114245176315308,0.008237013593316,0.0,,,,0.0,0.0,,,,,0.24592617
636,0.5549964308738708,2.330753803253174,-1.4127891063690186,0.0203314516693353,0.0,,,,0.0,0.0,,,,,0.33222482
836,2.445969343185425,5.963857173919678,-1.4213600158691406,0.0121807865798473,0.0,,,,13.0,23.0,36.30434782608695,3.0,1.0,1.0,0.11523113
778,-1.2355122566223145,1.5955833196640017,-1.4272435903549194,0.0350167341530323,0.0,,,,0.0,0.0,,,,,0.71084136
205,2.4927175045013428,6.843100547790527,-1.4296059608459473,0.0564400143921375,0.0,,,,18.0,63.0,56.111111111111114,3.0,1.0,1.0,0.10259395
3,1.1036067008972168,1.995196223258972,-1.4424233436584473,0.0090007875114679,0.0,,,,0.0,0.0,,,,,0.2643831
632,1.314731240272522,1.629155516624451,-1.4452462196350098,0.0097891166806221,0.0,,,,0.0,0.0,,,,,0.24326572
563,1.0874769687652588,4.26603364944458,-1.4570924043655396,0.0081275794655084,0.0,,,,0.0,0.0,,,,,0.23046225
900,0.7012923955917358,3.4292526245117188,-1.46165668964386,0.0078700128942728,0.0,,,,0.0,0.0,,,,,0.31277022
1262,1.9175009727478027,1.105937123298645,-1.4668759107589722,0.0356674939393997,0.0,,,,0.0,0.0,,,,,0.22314599
1285,1.511711835861206,3.1340389251708984,-1.4764419794082642,0.0077179828658699,0.0,,,,0.0,0.0,,,,,0.16278683
49,2.4879631996154785,6.96391487121582,-1.483362078666687,0.0571098737418651,0.0,,,,20.0,67.0,52.82089552238806,1.0,1.0,1.0,0.09461257
187,1.187617540359497,3.1970787048339844,-1.4847182035446167,0.0102598201483488,0.0,,,,0.0,0.0,,,,,0.21000998
393,1.9477980136871336,1.3643611669540403,-1.494062900543213,0.0102226082235574,0.0,,,,0.0,0.0,,,,,0.1646159
1234,0.9140878915786744,1.693478226661682,-1.5163007974624634,0.0297926589846611,0.0,,,,0.0,0.0,,,,,0.29896906
1179,1.8486648797988892,3.698875904083252,-1.5164997577667236,0.0139293503016233,0.0,,,,0.0,0.0,,,,,0.12587297
717,1.3527624607086182,1.9462345838546753,-1.52073073387146,0.0087679615244269,0.0,,,,0.0,0.0,,,,,0.21200532
94,-0.9836033582687378,1.707111954689026,-1.5296462774276731,0.0124078700318932,0.0,,,,0.0,0.0,,,,,0.6744263
451,2.3985953330993652,2.4415268898010254,-1.535280704498291,0.0093528721481561,0.0,,,,0.0,0.0,,,,,0.11273695
150,2.3841662406921387,1.4721269607543943,-1.545536756515503,0.0164307281374931,0.0,,,,0.0,0.0,,,,,0.13684736
23,2.573375940322876,2.6149497032165527,-1.5481489896774292,0.0122968591749668,0.0,,,,0.0,0.0,,,,,0.10675091
134,0.6860632300376892,4.127727031707764,-1.5488829612731934,0.0073402971029281,0.0,,,,0.0,0.0,,,,,0.29065514
1029,1.6535369157791138,2.0720667839050293,-1.5492123365402222,0.0100293895229697,0.0,,,,0.0,0.0,,,,,0.16079149
608,1.1097512245178225,2.704484701156616,-1.5604029893875122,0.0074523473158478,0.0,,,,0.0,0.0,,,,,0.20917858
433,-1.433846354484558,2.413218259811402,-1.5612821578979492,0.0164422988891601,0.0,,,,0.0,0.0,,,,,0.78500164
276,1.3534152507781982,1.668994665145874,-1.5621092319488523,0.0294798240065574,0.0,,,,0.0,0.0,,,,,0.20651813
318,-0.2350128889083862,1.889581561088562,-1.5622328519821167,0.0198882315307855,0.0,,,,0.0,0.0,,,,,0.51363486
923,0.9605280160903932,3.747480154037475,-1.5636192560195925,0.0070450203493237,0.0,,,,0.0,0.0,,,,,0.23594946
996,2.065525531768799,1.4855334758758545,-1.5671801567077637,0.0123911993578076,0.0,,,,0.0,0.0,,,,,0.17143333
696,1.0036145448684692,3.332754373550415,-1.5811097621917725,0.0148394955322146,0.0,,,,0.0,0.0,,,,,0.25157964
739,1.849392652511597,2.101359605789185,-1.581419825553894,0.01354740280658,0.0,,,,0.0,0.0,,,,,0.13934153
539,1.0751110315322876,1.7555694580078125,-1.58233904838562,0.0172247923910617,0.0,,,,0.0,0.0,,,,,0.25390756
1147,0.6637202501296997,3.610406637191773,-1.5826494693756104,0.0065976367332041,0.0,,,,0.0,0.0,,,,,0.28583306
607,0.9262985587120056,2.43507719039917,-1.5877243280410769,0.0076902019791305,0.0,,,,0.0,0.0,,,,,0.2552378
1038,0.0942049399018287,1.3736913204193115,-1.590846300125122,0.0169643834233284,0.0,,,,0.0,0.0,,,,,0.46857333
808,1.75042462348938,4.424431800842285,-1.593439698219299,0.0487332940101623,0.0,,,,7.0,7.0,52.285714285714285,2.0,1.0,1.0,0.11905554
230,-1.3349190950393677,2.2559807300567627,-1.596160054206848,0.0159828402101993,0.0,,,,0.0,0.0,,,,,0.7454273
845,1.0061906576156616,2.3011229038238525,-1.5968434810638428,0.0112561983987689,0.0,,,,0.0,0.0,,,,,0.24792151
1109,2.080112934112549,0.8281857371330261,-1.6044398546218872,0.0227395594120025,0.0,,,,0.0,0.0,,,,,0.2214832
729,1.0930757522583008,0.5593593120574951,-1.6118122339248655,0.0300561767071485,0.0,,,,0.0,0.0,,,,,0.34935153
1315,-1.2366999387741089,2.190460205078125,-1.6196436882019043,0.0123260077089071,0.0,,,,0.0,0.0,,,,,0.72530764
652,0.7341246604919434,4.448450565338135,-1.6287473440170288,0.0380297638475894,0.0,,,,0.0,0.0,,,,,0.27319586
77,0.2811350524425506,1.337690830230713,-1.6309207677841189,0.0218801144510507,0.0,,,,0.0,0.0,,,,,0.41320252
78,1.6614934206008911,2.239100217819214,-1.6325427293777466,0.0163606815040111,0.0,,,,0.0,0.0,,,,,0.15513802
703,2.470219373703003,6.302432060241699,-1.6354405879974363,0.0126759614795446,20.0,0.0518159405635264,4.278015085684493,1.7056584358215332,10.0,15.0,67.2,32.0,1.0,1.0,0.07748587
339,1.2229987382888794,1.8907372951507568,-1.6371450424194336,0.012944052927196,0.0,,,,0.0,0.0,,,,,0.23445295
827,2.0210139751434326,2.576268434524536,-1.6421126127243042,0.0096541736274957,0.0,,,,0.0,0.0,,,,,0.11988693
92,2.4143710136413574,2.784839391708374,-1.643372893333435,0.0099332146346569,2.0,0.0582445945097911,4.021159592398416,1.5626658201217651,0.0,0.0,,,,,0.09328234
154,-1.8418420553207395,2.7617883682250977,-1.6448299884796145,0.0170861184597015,0.0,,,,0.0,0.0,,,,,0.8255737
86,1.5025696754455566,2.2423298358917236,-1.6454440355300903,0.0114614684134721,0.0,,,,0.0,0.0,,,,,0.18041237
1140,2.162661552429199,1.2820348739624023,-1.6483348608016968,0.012949707917869,0.0,,,,0.0,0.0,,,,,0.14865315
929,1.3326669931411743,3.578777313232422,-1.648539662361145,0.0128844119608402,0.0,,,,0.0,0.0,,,,,0.17608912
377,1.980233073234558,2.096263647079468,-1.6520665884017944,0.0080056749284267,0.0,,,,0.0,0.0,,,,,0.13668108
1280,2.5086891651153564,7.185338020324707,-1.6525195837020874,0.0109021477401256,3.0,0.0573960655873014,4.05250502920586,1.5862354040145874,17.0,59.0,53.50847457627118,1.0,1.0,1.0,0.08729631
1028,-0.4008129239082336,1.439772367477417,-1.655167818069458,0.0143106058239936,0.0,,,,0.0,0.0,,,,,0.5545394
200,1.1164098978042605,2.4104835987091064,-1.6575385332107544,0.0220951326191425,0.0,,,,0.0,0.0,,,,,0.21882275
1160,2.2358081340789795,2.508023977279663,-1.6610772609710691,0.0102164531126618,0.0,,,,0.0,0.0,,,,,0.10392418
136,0.4997002184391022,3.196249723434448,-1.6646648645401,0.0231476314365863,0.0,,,,0.0,0.0,,,,,0.33870968
767,2.4613723754882812,7.210998058319092,-1.6715596914291382,0.0219513345509767,0.0,,,,21.0,82.0,49.109756097560975,2.0,1.0,1.0,0.08546724
1064,1.3285105228424072,3.5689187049865723,-1.6786034107208252,0.0131603954359889,0.0,,,,0.0,0.0,,,,,0.18540072
1086,1.0394768714904783,2.5074055194854736,-1.680285930633545,0.0082988515496253,0.0,,,,0.0,0.0,,,,,0.2144995
1203,2.366063117980957,1.8219367265701296,-1.6895406246185305,0.0083565805107355,0.0,,,,0.0,0.0,,,,,0.1162288
247,2.046836853027344,2.166349172592163,-1.6930009126663208,0.0113326786085963,0.0,,,,0.0,0.0,,,,,0.11805786
1260,-0.5993359088897705,1.3682317733764648,-1.7022647857666016,0.0266488213092088,0.0,,,,0.0,0.0,,,,,0.5522115
1001,0.2248914837837219,2.527029514312744,-1.7086704969406128,0.0087114172056317,0.0,,,,0.0,0.0,,,,,0.3994014
430,0.7018221020698547,1.7529399394989014,-1.711822271347046,0.0392152145504951,0.0,,,,0.0,0.0,,,,,0.31277022
1113,0.2096498757600784,1.0894771814346311,-1.7136520147323608,0.0515904352068901,0.0,,,,0.0,0.0,,,,,0.4323246
269,2.0660712718963623,2.150521755218506,-1.7139344215393066,0.0082828318700194,0.0,,,,0.0,0.0,,,,,0.11473229
572,0.2872552275657654,3.0920064449310303,-1.7140021324157717,0.0079082939773797,0.0,,,,0.0,0.0,,,,,0.368141
1095,2.5672876834869385,1.3440643548965454,-1.7173622846603394,0.0134119726717472,0.0,,,,0.0,0.0,,,,,0.12337878
542,0.8274977803230286,4.846676349639893,-1.7179569005966189,0.0171447396278381,0.0,,,,0.0,0.0,,,,,0.25606918
1012,2.4569060802459717,3.1947669982910156,-1.7197470664978027,0.0106265256181359,0.0,,,,0.0,0.0,,,,,0.0881277
718,1.255131721496582,2.044576644897461,-1.7217319011688232,0.0106639042496681,0.0,,,,0.0,0.0,,,,,0.19155304
588,1.8624576330184937,2.5243470668792725,-1.735487461090088,0.0086000319570302,8.0,0.0549212440209663,4.1482977407973465,1.2135124206542969,0.0,0.0,,,,,0.11755903
1190,0.0853134170174598,1.5732747316360474,-1.7441489696502686,0.0161960776895284,0.0,,,,0.0,0.0,,,,,0.4546059
1210,-0.9649808406829834,1.2906575202941897,-1.7535372972488403,0.0224256608635187,0.0,,,,0.0,0.0,,,,,0.66627866
410,1.4174302816390991,4.6518025398254395,-1.7540096044540403,0.0168671272695064,0.0,,,,3.0,3.0,43.333333333333336,2.0,1.0,1.0,0.13984038
1226,-1.6509889364242554,2.3515868186950684,-1.763498306274414,0.0410893559455871,0.0,,,,0.0,0.0,,,,,0.79747254
738,0.8247823715209961,1.998713731765747,-1.7644507884979248,0.0161286182701587,0.0,,,,0.0,0.0,,,,,0.26039243
260,2.4766175746917725,7.236161708831787,-1.7698308229446411,0.0134499901905655,33.0,0.051720157217447,4.281917952288494,1.6222153902053833,16.0,41.0,56.707317073170735,6.0,1.0,1.0,0.076321915
1188,1.5454106330871582,2.191477060317993,-1.7750654220581057,0.0089657567441463,0.0,,,,0.0,0.0,,,,,0.1669438
100,2.270890712738037,2.2716338634490967,-1.7797322273254397,0.0320549644529819,0.0,,,,0.0,0.0,,,,,0.09112072
329,2.286771297454834,3.879002571105957,-1.7897182703018188,0.0696046203374862,0.0,,,,0.0,0.0,,,,,0.08064516
301,0.7935124635696411,3.4345502853393555,-1.795662522315979,0.0157700404524803,0.0,,,,0.0,0.0,,,,,0.23977385
106,1.129658579826355,4.869974136352539,-1.7963693141937256,0.0118070663884282,0.0,,,,0.0,0.0,,,,,0.19354838
749,-0.4781188666820526,1.1587954759597778,-1.8032878637313845,0.023969704285264,0.0,,,,0.0,0.0,,,,,0.5866312
1156,1.9267821311950684,1.0077998638153076,-1.81447172164917,0.0118078673258423,0.0,,,,0.0,0.0,,,,,0.1965414
852,0.3275626599788666,1.1803752183914185,-1.817535161972046,0.0448297895491123,0.0,,,,0.0,0.0,,,,,0.37861657
516,2.2670528888702393,0.7103628516197205,-1.819091796875,0.0198684763163328,0.0,,,,0.0,0.0,,,,,0.22447622
989,-0.1105962544679641,1.7050302028656006,-1.8222445249557495,0.0159042570739984,0.0,,,,0.0,0.0,,,,,0.45826405
413,-0.0959472954273223,1.250045657157898,-1.8223503828048704,0.0320006310939788,0.0,,,,0.0,0.0,,,,,0.48935816
420,2.392249822616577,0.9627058506011964,-1.8249701261520384,0.0131018226966261,0.0,,,,0.0,0.0,,,,,0.1405055
1150,1.093407154083252,3.4190213680267334,-1.825791358947754,0.0084232231602072,0.0,,,,0.0,0.0,,,,,0.21715996
753,1.771971583366394,1.8203269243240356,-1.8283439874649048,0.0157430935651063,0.0,,,,0.0,0.0,,,,,0.15281011
399,2.7839953899383545,1.87415611743927,-1.839976906776428,0.0195376761257648,0.0,,,,0.0,0.0,,,,,0.09777187
450,0.757996678352356,2.6149349212646484,-1.8427674770355225,0.0086688194423913,0.0,,,,0.0,0.0,,,,,0.2783505
880,1.3428223133087158,2.6040403842926025,-1.8462775945663452,0.0138175813481211,0.0,,,,0.0,0.0,,,,,0.16311939
226,2.5275800228118896,1.804647207260132,-1.848615884780884,0.0143187874928116,0.0,,,,0.0,0.0,,,,,0.09960093
851,0.2430011183023452,2.1911826133728027,-1.853783130645752,0.00728420028463,0.0,,,,0.0,0.0,,,,,0.35716662
992,1.5244090557098389,2.4681482315063477,-1.8574286699295044,0.0084763374179601,0.0,,,,0.0,0.0,,,,,0.15813103
1114,1.2257002592086792,5.097583293914795,-1.8590054512023928,0.0099066896364092,0.0,,,,0.0,0.0,,,,,0.17991354
1290,1.605635643005371,1.8696627616882324,-1.8590763807296753,0.0088760564103722,0.0,,,,0.0,0.0,,,,,0.1730961
472,2.3601975440979004,4.379478931427002,-1.867313861846924,0.0177866127341985,0.0,,,,6.0,8.0,34.125,2.0,1.0,1.0,0.085633524
74,-2.075645685195923,2.171900510787964,-1.8761636018753052,0.0369043312966823,0.0,,,,0.0,0.0,,,,,0.85317594
674,2.4612622261047363,7.180197238922119,-1.8794786930084229,0.0181628055870533,15.0,0.0573146855937533,4.055556102208524,1.7347296476364136,17.0,32.0,62.65625,1.0,1.0,1.0,0.07715331
517,1.4510762691497805,1.098314881324768,-1.8805919885635376,0.0393788404762744,0.0,,,,0.0,0.0,,,,,0.24675757
70,2.62795352935791,1.982362151145935,-1.8911181688308716,0.0109436539933085,0.0,,,,0.0,0.0,,,,,0.09511141
331,2.472351551055908,7.206494331359863,-1.8946201801300049,0.0134752783924341,15.0,0.0533050938451333,4.214253576210956,1.6741042137145996,19.0,42.0,54.404761904761905,6.0,1.0,1.0,0.07149983
39,3.078104019165039,0.8962445259094238,-1.9056254625320437,0.0274865366518497,0.0,,,,0.0,0.0,,,,,0.12687063
37,0.3719016909599304,0.994681715965271,-1.908503174781799,0.0374785400927066,0.0,,,,0.0,0.0,,,,,0.39657465
799,2.3220343589782715,0.6092233061790466,-1.9099918603897097,0.0256153233349323,0.0,,,,0.0,0.0,,,,,0.22730295
1139,1.0823949575424194,1.908458948135376,-1.9121392965316772,0.0260569639503955,0.0,,,,0.0,0.0,,,,,0.22530761
633,1.8034311532974243,2.4114270210266113,-1.9154638051986697,0.0084527218714356,0.0,,,,0.0,0.0,,,,,0.1255404
747,2.071484327316284,4.075595378875732,-1.9187415838241575,0.0109805297106504,0.0,,,,0.0,0.0,,,,,0.08363818
1132,2.447402000427246,1.2710649967193604,-1.9203968048095703,0.0138189988210797,0.0,,,,0.0,0.0,,,,,0.11439973
629,2.4045209884643555,2.188397169113159,-1.924848198890686,0.0110083734616637,0.0,,,,0.0,0.0,,,,,0.09893581
340,1.1086044311523438,1.7756917476654053,-1.9284151792526243,0.0112011600285768,0.0,,,,0.0,0.0,,,,,0.21316928
1062,-1.1236095428466797,2.009073257446289,-1.9306410551071167,0.0127797881141304,0.0,,,,0.0,0.0,,,,,0.69870305
654,2.085160493850708,1.9399821758270264,-1.942359447479248,0.0131222223863005,0.0,,,,0.0,0.0,,,,,0.11489857
783,1.1674752235412598,1.8333975076675415,-1.9454014301300049,0.0104802409186959,0.0,,,,0.0,0.0,,,,,0.21200532
676,0.3408656418323517,1.7187567949295044,-1.947383999824524,0.0467298775911331,0.0,,,,0.0,0.0,,,,,0.38476887
879,1.4466840028762815,0.910200536251068,-1.9513530731201172,0.0159592945128679,0.0,,,,0.0,0.0,,,,,0.26704356
1039,1.2272647619247437,3.964393377304077,-1.958043932914734,0.0071743819862604,6.0,0.0580818618784857,4.027046726402515,0.8192753791809082,0.0,0.0,,,,,0.18007982
157,0.7812958359718323,2.0058746337890625,-1.978254556655884,0.0277185030281543,0.0,,,,0.0,0.0,,,,,0.2660459
194,1.979930400848389,1.1456977128982544,-1.9858429431915283,0.0214466694742441,0.0,,,,0.0,0.0,,,,,0.17974725
883,-0.2575381100177765,1.605953335762024,-1.991859436035156,0.0145788099616765,0.0,,,,0.0,0.0,,,,,0.5146325
431,1.019513487815857,2.3510048389434814,-1.9923630952835083,0.0068178460933268,0.0,,,,0.0,0.0,,,,,0.22115065
945,1.0754743814468384,1.1038084030151367,-1.993956208229065,0.02081791870296,0.0,,,,0.0,0.0,,,,,0.28167608
643,-0.4078161120414734,1.4805400371551514,-2.005225419998169,0.0126814944669604,0.0,,,,0.0,0.0,,,,,0.571001
1248,2.3517043590545654,2.9094271659851074,-2.020127773284912,0.0283728018403053,0.0,,,,0.0,0.0,,,,,0.07515796
622,0.3119578957557678,2.146936416625977,-2.02312970161438,0.015117660164833,0.0,,,,0.0,0.0,,,,,0.38593283
1043,2.475144147872925,6.968523025512695,-2.027442216873169,0.0148795004934072,24.0,0.0478971417238308,4.45848442701741,1.6949352025985718,13.0,19.0,45.578947368421055,1.0,1.0,1.0,0.06252079
1198,0.3259560167789459,1.5014790296554563,-2.0317766666412354,0.0165202878415584,0.0,,,,0.0,0.0,,,,,0.37263054
386,1.7477962970733645,3.0797829627990723,-2.035036087036133,0.0396189577877521,0.0,,,,0.0,0.0,,,,,0.10159627
800,-1.1475340127944946,1.964773416519165,-2.036482334136963,0.019605441018939,0.0,,,,0.0,0.0,,,,,0.7183239
368,2.4842398166656494,6.659091949462891,-2.040727376937866,0.0143290888518095,26.0,0.0518490357966339,4.2763196886909345,1.6649107933044434,15.0,32.0,53.875,5.0,1.0,1.0,0.06834054
1187,1.3967864513397217,2.1326911449432373,-2.0418739318847656,0.0127987954765558,0.0,,,,0.0,0.0,,,,,0.14466245
1298,1.1084067821502686,1.1194273233413696,-2.0457723140716553,0.0611010566353797,0.0,,,,0.0,0.0,,,,,0.269704
1225,0.989053189754486,3.062880039215088,-2.067094564437866,0.0169186238199472,0.0,,,,0.0,0.0,,,,,0.22297971
1033,1.0478465557098389,2.0375466346740723,-2.0681252479553223,0.0089129880070686,0.0,,,,0.0,0.0,,,,,0.2286332
1074,2.470395803451538,6.533616065979004,-2.0742709636688232,0.0237684585154056,28.0,0.0486253602272056,4.42344219461155,1.8486522436141968,13.0,20.0,51.85,13.0,1.0,1.0,0.065513805
1204,-1.6781738996505735,2.0877349376678467,-2.0791029930114746,0.020743403583765,0.0,,,,0.0,0.0,,,,,0.79813766
494,2.1016201972961426,3.958937168121338,-2.080460786819458,0.0669783800840377,0.0,,,,4.0,4.0,23.5,3.0,1.0,1.0,0.06634519
1255,0.6236252188682556,1.6520532369613647,-2.097687244415283,0.0126846535131335,0.0,,,,0.0,0.0,,,,,0.32806784
961,1.2089096307754517,2.9035770893096924,-2.09806227684021,0.0061326087452471,2.0,0.0560147226255409,4.1066182787078915,0.8343496322631836,0.0,0.0,,,,,0.18456934
46,2.367344379425049,2.847235202789306,-2.099942445755005,0.0149566857144236,0.0,,,,0.0,0.0,,,,,0.07133356
1101,1.140210747718811,2.0627334117889404,-2.1056666374206543,0.0088382568210363,0.0,,,,0.0,0.0,,,,,0.19920187
782,1.7673145532608032,2.2524664402008057,-2.11676025390625,0.0079614827409386,7.0,0.0541451372877583,4.179578830820986,1.2513447999954224,0.0,0.0,,,,,0.10991021
792,-1.101925492286682,1.910482168197632,-2.1275179386138916,0.0123925935477018,0.0,,,,0.0,0.0,,,,,0.70568675
908,3.3341805934906006,0.6007357835769653,-2.1280362606048584,0.0305443704128265,0.0,,,,0.0,0.0,,,,,0.16262056
889,1.2073476314544678,4.1471686363220215,-2.1280629634857178,0.0220691673457622,0.0,,,,0.0,0.0,,,,,0.1730961
87,2.254647016525269,3.1308298110961914,-2.1314468383789062,0.0154109019786119,16.0,0.053725601483962,4.196796566245513,1.6293686628341677,0.0,0.0,,,,,0.079980046
304,1.5320875644683838,6.388073921203613,-2.133488416671753,0.0145593946799635,0.0,,,,0.0,0.0,,,,,0.10907882
892,1.250619649887085,3.873257637023926,-2.136207103729248,0.0096411984413862,5.0,0.0567056786288193,4.078592665097851,0.8975179195404053,0.0,0.0,,,,,0.15779847
1193,2.7674388885498047,0.6546491980552673,-2.1362600326538086,0.0252379029989242,0.0,,,,0.0,0.0,,,,,0.19138676
1124,0.55900639295578,1.5343756675720217,-2.1394543647766113,0.006561491638422,0.0,,,,0.0,0.0,,,,,0.35450616
288,1.4680200815200806,3.8805782794952393,-2.1504807472229004,0.0086896615102887,10.0,0.0535868029830117,4.203413435595207,1.1575132608413696,0.0,0.0,,,,,0.11755903
1197,2.4673476219177246,7.265674114227295,-2.151031732559204,0.0662705972790718,0.0,,,,18.0,44.0,49.43181818181818,3.0,1.0,1.0,0.069171935
1196,0.37789386510849,1.5806777477264404,-2.1512372493743896,0.0325323678553104,0.0,,,,2.0,2.0,15.0,2.0,1.0,1.0,0.35051546
1061,2.733241558074951,1.4084320068359375,-2.152942657470703,0.0117495777085423,0.0,,,,0.0,0.0,,,,,0.10242767
1206,1.489154577255249,4.315061092376709,-2.172109842300415,0.0092794261872768,4.0,0.055879358417449,4.111439707793007,1.0613292455673218,0.0,0.0,,,,,0.12703691
1254,2.1390950679779053,1.7007229328155518,-2.200871229171753,0.0122518138960003,5.0,0.0518247239154819,4.277360108616042,1.3893805742263794,0.0,0.0,,,,,0.093947455
562,1.7272154092788696,1.8754388093948364,-2.207730293273926,0.0091770384460687,2.0,0.0558890961591827,4.111691409490314,1.161769986152649,0.0,0.0,,,,,0.12820086
969,0.8659979701042175,3.464848279953003,-2.2112293243408203,0.0148507170379161,0.0,,,,0.0,0.0,,,,,0.24060525
719,0.042209155857563,1.6445118188858032,-2.212308406829834,0.0152763128280639,0.0,,,,0.0,0.0,,,,,0.43714666
499,2.0655226707458496,1.2376936674118042,-2.2147340774536133,0.0146308690309524,0.0,,,,0.0,0.0,,,,,0.14216827
787,2.285120964050293,2.817588806152344,-2.2168869972229004,0.0113572375848889,21.0,0.0517795363647749,4.279328076203394,1.5965372323989868,0.0,0.0,,,,,0.07831726
227,1.7651883363723757,2.523948431015014,-2.219118118286133,0.040560033172369,0.0,,,,0.0,0.0,,,,,0.0959428
349,0.7980198264122009,3.983360767364502,-2.2281582355499268,0.01360132265836,0.0,,,,0.0,0.0,,,,,0.25141338
1228,2.5222463607788086,6.486626148223877,-2.245236873626709,0.0496952608227729,19.0,0.0511481275702604,4.307093896069886,1.9066457748413088,13.0,21.0,45.23809523809524,2.0,1.0,1.0,0.057532426
716,1.2206978797912598,5.1754961013793945,-2.2469770908355713,0.015998100861907,0.0,,,,0.0,0.0,,,,,0.15563685
638,2.5671098232269287,2.801790475845337,-2.247345447540283,0.0124672828242182,22.0,0.0514726861060206,4.2928203268351695,1.5464061498641968,0.0,0.0,,,,,0.07249751
223,2.3175878524780273,2.6913838386535645,-2.264329433441162,0.0277697481215,0.0,,,,0.0,0.0,,,,,0.07748587
438,-0.7767544984817505,1.7179009914398191,-2.280578374862671,0.0127598429098725,0.0,,,,0.0,0.0,,,,,0.6262055
656,-1.0198462009429932,1.7944928407669067,-2.325850486755371,0.0141044463962316,0.0,,,,0.0,0.0,,,,,0.679581
151,0.6796904802322388,1.664882779121399,-2.3261964321136475,0.0154571793973445,0.0,,,,0.0,0.0,,,,,0.3157632
308,0.304191917181015,1.319632887840271,-2.3319876194000244,0.0303638093173503,0.0,,,,0.0,0.0,,,,,0.38094446
1052,1.191036581993103,3.5193374156951904,-2.340862989425659,0.0114110419526696,0.0,,,,0.0,0.0,,,,,0.16245428
623,0.5715441703796387,1.6048588752746582,-2.3688883781433105,0.0309376958757638,0.0,,,,5.0,6.0,51.333333333333336,4.0,1.0,1.0,0.32657135
824,0.0778995528817176,1.6508183479309082,-2.37922739982605,0.0151700088754296,0.0,,,,0.0,0.0,,,,,0.44828734
723,1.9833797216415403,2.6501967906951904,-2.3834898471832275,0.0081835351884365,4.0,0.0552329726491425,4.1363385584021986,1.2084509134292605,0.0,0.0,,,,,0.09211839
1116,0.8685163259506226,7.705580234527588,-2.412838935852051,0.0094810016453266,5.0,0.0533401546463262,4.212790309145479,0.6743741035461426,1.0,2.0,41.0,21.0,1.0,1.0,0.20635185
1278,-0.0659253895282745,2.0585591793060303,-2.4172117710113525,0.0122105302289128,0.0,,,,0.0,0.0,,,,,0.4306618
235,2.067981481552124,1.6319323778152466,-2.433351755142212,0.0120694506913423,4.0,0.0572231564555466,4.058999721156552,1.3485804796218872,0.0,0.0,,,,,0.1005986
264,2.2440810203552246,2.3920674324035645,-2.4344403743743896,0.0066197593696415,15.0,0.0462117207744343,4.543075145026743,1.2935460805892944,0.0,0.0,,,,,0.07948121
1297,2.3994181156158447,1.2683542966842651,-2.4422976970672607,0.0157193783670663,0.0,,,,0.0,0.0,,,,,0.10442302
484,2.1667494773864746,2.2689783573150635,-2.4425466060638428,0.0091160060837864,23.0,0.0514246643234103,4.294871567355859,1.4860306978225708,0.0,0.0,,,,,0.07981377
310,2.2032907009124756,0.8849461674690247,-2.4428648948669434,0.0473177544772625,0.0,,,,0.0,0.0,,,,,0.17026937
1284,1.3025134801864624,5.1288228034973145,-2.4573049545288086,0.0111641520634293,2.0,0.0507678246479533,4.32414169897919,0.9735600352287292,2.0,2.0,63.0,60.0,1.0,1.0,0.14782175
490,1.2447575330734253,2.764766216278076,-2.472336769104004,0.0079331705346703,5.0,0.0553610745776539,4.130766659423347,0.9932563304901124,0.0,0.0,,,,,0.14516129
510,2.8707399368286133,0.5783482789993286,-2.4751040935516357,0.0718842670321464,0.0,,,,0.0,0.0,,,,,0.1863984
1250,0.1478565037250518,3.0230326652526855,-2.4930808544158936,0.0065789739601314,0.0,,,,0.0,0.0,,,,,0.38792816
197,1.1288409233093262,4.2440009117126465,-2.500206232070923,0.0141546754166483,0.0,,,,0.0,0.0,,,,,0.1802461
985,-0.5661963820457458,1.6269783973693848,-2.5096592903137207,0.0116802817210555,0.0,,,,0.0,0.0,,,,,0.5937812
1312,2.3595781326293945,2.198822498321533,-2.5125179290771484,0.0084534250199794,19.0,0.041851741716795,4.784753722767593,1.4959098100662231,0.0,0.0,,,,,0.068506815
1053,1.5643365383148191,2.339608669281006,-2.5184743404388428,0.0103051289916038,0.0,,,,0.0,0.0,,,,,0.13352178
120,1.2323102951049805,1.6891483068466189,-2.5291810035705566,0.0251938216388225,0.0,,,,0.0,0.0,,,,,0.20186232
1119,1.5888272523880005,5.550355434417725,-2.5406486988067627,0.0112496996298432,13.0,0.0509268924141836,4.316942318162692,1.3868345022201538,3.0,3.0,42.333333333333336,18.0,1.0,1.0,0.080478884
1194,1.194000244140625,3.69115686416626,-2.547635555267334,0.0101983053609728,6.0,0.049922991262921,4.362474184026931,0.9006235003471375,0.0,0.0,,,,,0.15397406
1055,2.1491010189056396,2.356472969055176,-2.5736587047576904,0.0115232057869434,18.0,0.0490085598128838,4.40516558559815,1.534451246261597,0.0,0.0,,,,,0.08746259
948,2.139200448989868,3.62063980102539,-2.580129861831665,0.009741798043251,29.0,0.0390945949198201,4.957719590809742,1.5303834676742554,0.0,0.0,,,,,0.059694048
381,1.7964438199996948,2.8326244354248047,-2.5963385105133057,0.0086459312587976,12.0,0.0493739556166556,4.387990181291052,1.3319858312606812,0.0,0.0,,,,,0.08330562
682,2.9862170219421387,0.9756503701210022,-2.601299524307251,0.0198516007512807,0.0,,,,0.0,0.0,,,,,0.10259395
726,1.6518584489822388,2.6023592948913574,-2.613091230392456,0.0097900219261646,6.0,0.0409455062111015,4.8427343479495875,1.275290846824646,0.0,0.0,,,,,0.0889591
872,1.0062601566314695,0.7706001400947571,-2.633821725845337,0.0198177695274353,0.0,,,,0.0,0.0,,,,,0.3002993
594,2.590684413909912,1.2201800346374512,-2.646838665008545,0.0216813962906599,0.0,,,,0.0,0.0,,,,,0.11373462
93,1.7521934509277344,2.19832444190979,-2.6561295986175537,0.0118324235081672,0.0,,,,0.0,0.0,,,,,0.10508813
694,2.090893507003784,1.8841314315795896,-2.6646058559417725,0.0201807543635368,1.0,0.0575428653218423,4.047017305264971,1.504244089126587,0.0,0.0,,,,,0.08164284
108,1.1673648357391355,2.9971368312835693,-2.673065185546875,0.0061658471822738,3.0,0.0399379284877238,4.902943502618819,0.834452211856842,0.0,0.0,,,,,0.15696707
365,1.8948091268539429,4.062203407287598,-2.677961587905884,0.0104870274662971,37.0,0.0435019093047347,4.6890827225026275,1.5698796510696411,0.0,0.0,,,,,0.061523113
814,1.413954734802246,4.263737201690674,-2.6973206996917725,0.0094727650284767,12.0,0.0507267512367494,4.326021519441184,1.052512764930725,0.0,0.0,,,,,0.11739275
828,1.9520483016967771,2.9440414905548096,-2.701686382293701,0.0288977660238742,3.0,0.0578412617964555,4.035925686596093,1.590646505355835,0.0,0.0,,,,,0.07715331
1219,1.9874194860458376,2.0069193840026855,-2.7118890285491943,0.015191332437098,7.0,0.0535656911333641,4.203411240792195,1.5416148900985718,0.0,0.0,,,,,0.08713003
485,3.1251463890075684,0.5619234442710876,-2.713200569152832,0.0444083400070667,0.0,,,,0.0,0.0,,,,,0.14715664
685,-0.6919876933097839,1.646607518196106,-2.717043161392212,0.0168757643550634,0.0,,,,0.0,0.0,,,,,0.6045893
335,1.1893057823181152,4.2568745613098145,-2.720273971557617,0.00717593729496,16.0,0.0435835822141429,4.686130355930565,0.8758739829063416,0.0,0.0,,,,,0.15596941
1023,1.906417727470398,3.3171567916870117,-2.7317135334014893,0.0092058116570115,26.0,0.0432499672869722,4.703368387021049,1.4887882471084597,0.0,0.0,,,,,0.063851014
884,1.4930193424224854,4.1727728843688965,-2.7362146377563477,0.0113955242559313,4.0,0.0475043126974688,4.479169549823407,1.1392329931259155,0.0,0.0,,,,,0.11173928
924,2.7232608795166016,1.2825371026992798,-2.748349666595459,0.0245298966765403,0.0,,,,0.0,0.0,,,,,0.078982376
849,1.2024316787719729,5.998148441314697,-2.7529242038726807,0.0104125728830695,12.0,0.043480018360914,4.69265286594338,0.9013941884040833,0.0,0.0,,,,,0.15281011
232,2.0596485137939453,1.9826158285140991,-2.759565591812134,0.0089141046628355,4.0,0.054603805122026,4.1610208438117295,1.3228541612625122,0.0,0.0,,,,,0.09178583
1054,1.4620041847229004,5.085369110107422,-2.7657647132873535,0.0068944911472499,7.0,0.0508153424196438,4.321931971419774,1.1523094177246094,0.0,0.0,,,,,0.09261723
619,-0.3361071646213531,1.9891542196273804,-2.7673282623291016,0.013392043299973,0.0,,,,0.0,0.0,,,,,0.52943134
477,1.3415136337280271,1.4097694158554075,-2.788051128387451,0.0104787731543183,0.0,,,,0.0,0.0,,,,,0.17459261
973,0.9575169682502748,4.850727081298828,-2.7904622554779053,0.0120888371020555,2.0,0.0568474387318059,4.073208277872405,0.7611647248268127,0.0,0.0,,,,,0.1849019
336,1.2632989883422852,1.6367437839508057,-2.8195254802703857,0.0110434545204043,0.0,,,,0.0,0.0,,,,,0.17326239
468,2.6926512718200684,1.0031521320343018,-2.8203396797180176,0.0247317627072334,0.0,,,,0.0,0.0,,,,,0.12055205
1108,0.0804963335394859,2.095381021499634,-2.835385799407959,0.0195159669965505,0.0,,,,0.0,0.0,,,,,0.41835716
1158,1.897682785987854,1.6155617237091064,-2.8643085956573486,0.0177483819425106,0.0,,,,0.0,0.0,,,,,0.09743931
790,2.698113441467285,0.7766916155815125,-2.8889405727386475,0.0301594454795122,0.0,,,,0.0,0.0,,,,,0.15979381
1067,2.110950469970703,1.455208420753479,-2.959866762161255,0.0146118188276886,18.0,0.0565021053652237,4.086374757126865,1.4927384853363037,0.0,0.0,,,,,0.08297306
842,1.7729500532150269,3.1556596755981445,-2.9722609519958496,0.0100404508411884,34.0,0.0468307759964356,4.511517676613967,1.398614525794983,0.0,0.0,,,,,0.061523113
382,2.4850056171417236,1.5123294591903689,-2.9754390716552734,0.0140003347769379,34.0,0.0493605957037224,4.388586166265394,1.6777284145355225,0.0,0.0,,,,,0.06468241
953,0.9507864713668824,2.462318420410156,-2.9919188022613525,0.032946690917015,0.0,,,,0.0,0.0,,,,,0.18589957
869,2.229743719100952,1.521216869354248,-2.9932830333709717,0.013299417681992,14.0,0.0535447666197958,4.204433401157004,1.6221845149993896,0.0,0.0,,,,,0.06983705
1026,3.4277079105377197,0.9969010949134828,-3.024986743927002,0.0503235682845115,0.0,,,,0.0,0.0,,,,,0.07765214
826,1.222719669342041,4.543321132659912,-3.044799327850342,0.0137495677918195,16.0,0.0454191140683042,4.5844695447152235,1.0026527643203735,0.0,0.0,,,,,0.13302295
317,2.970879554748535,0.987595558166504,-3.052233934402466,0.030308922752738,0.0,,,,0.0,0.0,,,,,0.07864982
1063,-0.7278729677200317,1.2961317300796509,-3.113267183303833,0.0157589875161647,0.0,,,,0.0,0.0,,,,,0.60143
81,2.2175915241241455,1.9778335094451904,-3.1392412185668945,0.0075316736474633,22.0,0.0452380723214769,4.59494412783369,1.4644780158996582,0.0,0.0,,,,,0.057532426
773,2.669813871383667,1.0704052448272705,-3.178983211517334,0.0391616560518741,6.0,0.0569338483902375,4.069919754976875,1.7787233591079712,0.0,0.0,,,,,0.071666114
440,2.759145975112915,1.1464893817901611,-3.1842968463897705,0.0221802778542041,3.0,0.0576168280006655,4.044260191366103,1.655789494514465,0.0,0.0,,,,,0.072663784
667,1.4059462547302246,3.337166547775269,-3.2824347019195557,0.0151791227981448,0.0,,,,0.0,0.0,,,,,0.110409044
1066,2.7761359214782715,1.036747694015503,-3.3101937770843506,0.0213220696896314,0.0,,,,0.0,0.0,,,,,0.09428001
1016,2.47558069229126,1.3810845613479614,-3.314836263656616,0.0153337959200143,21.0,0.0518105064213355,4.277979023595652,1.6974937915802002,0.0,0.0,,,,,0.057033587
459,1.8991674184799192,1.6593085527420044,-3.3245203495025635,0.0069455383345484,5.0,0.0483549797544226,4.436258932225722,1.2429438829421997,0.0,0.0,,,,,0.084137015
19,-0.9559518098831176,1.9191343784332275,-3.353872060775757,0.0171698424965143,0.0,,,,0.0,0.0,,,,,0.68373793
464,-0.5934800505638123,1.0102611780166626,-3.365559339523315,0.0177406948059797,0.0,,,,0.0,0.0,,,,,0.53857666
1079,3.2431893348693848,0.6168285012245178,-3.398963451385498,0.0696392878890037,0.0,,,,0.0,0.0,,,,,0.11340206
776,-0.5193686485290527,1.6439597606658936,-3.4131669998168945,0.0077676107175648,0.0,,,,0.0,0.0,,,,,0.5520452
1311,-0.684174120426178,0.8947272896766663,-3.5327951908111572,0.0348449721932411,0.0,,,,0.0,0.0,,,,,0.5552045
214,3.009911060333252,1.189109206199646,-3.5596354007720947,0.0199834294617176,30.0,0.0455089068384802,4.579707474456409,1.7738953828811646,0.0,0.0,,,,,0.057033587
710,0.6822472214698792,1.1240118741989136,-3.7248854637146,0.0519138723611831,0.0,,,,0.0,0.0,,,,,0.31958762
231,2.8554420471191406,0.832217276096344,-3.7295384407043457,0.0282959882169961,0.0,,,,0.0,0.0,,,,,0.073661454
314,1.5729305744171145,3.1431093215942383,-3.810170888900757,0.008532858453691,22.0,0.0326718645460615,5.446772601599216,1.354630708694458,0.0,0.0,,,,,0.068506815
143,0.7483930587768555,4.549863815307617,-3.9367098808288574,0.0081041269004344,22.0,0.0395033517662956,4.9321437359139555,0.7631493806838989,0.0,0.0,,,,,0.19155304
972,0.2185136377811432,2.154136896133423,-3.978701591491699,0.0131537392735481,0.0,,,,0.0,0.0,,,,,0.35517126
670,0.080051951110363,1.2867047786712646,-4.051640033721924,0.009409406222403,0.0,,,,0.0,0.0,,,,,0.39607581
1319,1.5353004932403564,1.8440555334091189,-4.805485725402832,0.0084676332771778,13.0,0.0503817573069318,4.341480640510105,1.2395864725112915,0.0,0.0,,,,,0.104256734
